Month Year,Month,Alabama,Alaska,Arizona,Arkansas,California,Colorado,Connecticut,Delaware,District of Columbia,Florida,Georgia,Guam,Hawaii,Idaho,Illinois,Indiana,Iowa,Kansas,Kentucky,Louisiana,Maine,Mariana Islands,Maryland,Massachusetts,Michigan,Minnesota,Mississippi,Missouri,Montana,Nebraska,Nevada,New Hampshire,New Jersey,New Mexico,New York,North Carolina,North Dakota,Ohio,Oklahoma,Oregon,Pennsylvania,Puerto Rico,Rhode Island,South Carolina,South Dakota,Tennessee,Texas,Utah,Vermont,Virgin Islands,Virginia,Washington,West Virginia,Wisconsin,Wyoming
Jan-20,Jan,79332,4706,33224,19126,96567,42133,15695,4482,666,110019,52557,229,1182,16541,612411,80283,22600,15578,367301,23686,7400,26,13961,18235,47110,56561,20420,43596,9499,7021,11074,10856,8313,13095,32390,53819,4866,55784,31908,31752,88224,1911,2701,30365,7002,53382,129176,80856,3052,149,68420,49714,17974,38349,4984
Feb-20,Feb,75336,5466,37100,21445,95430,40549,16851,4321,551,116238,54250,245,1264,18476,620067,85107,20889,17535,398247,24696,7966,15,15005,18525,47557,61603,24788,48705,10448,6616,13069,10549,8548,15076,31863,52252,5498,63156,34408,33430,93240,1819,2597,36085,7962,57867,142928,83113,3642,71,67257,48418,20942,41799,5500
Mar-20,Mar,92652,9939,82771,31651,164497,77305,23103,8123,692,192234,84601,271,1843,30989,645109,129016,24652,29816,235305,42015,14627,5,29414,23579,107492,96654,33583,76262,16885,11154,22236,22466,10922,24571,59787,83077,9136,114086,50194,59115,125013,862,6169,50953,11332,88458,274211,101382,7023,122,83675,75529,26346,77811,8847
Apr-20,Apr,70748,8560,59986,30575,122999,52249,12986,5701,552,128670,52299,222,1818,21747,632564,88276,26108,18994,205536,31559,11589,9,20963,7934,53914,75099,29581,58011,14690,7517,18621,14935,9072,13216,27035,67465,6803,68812,42054,44816,76134,97,3988,39327,8487,77829,197343,96612,5618,49,64835,57202,22429,55375,8566
Jan-19,Jan,44989,4582,29039,17258,98502,38491,16324,4119,360,97486,44839,181,1068,13634,331325,160140,16067,13767,308573,21945,6682,25,11976,19812,35884,53145,17416,36657,7695,6635,10920,9156,6892,11571,29388,46230,4459,49856,28793,28668,77420,2368,2093,23546,6803,58167,119902,25082,2417,127,37857,56051,15320,34545,4075
Feb-19,Feb,46203,5233,32776,20289,96970,40467,15040,3682,364,101991,48900,178,1032,16965,190886,71892,15181,15224,328572,24345,6794,19,12190,18604,39073,50984,21681,42502,8224,5759,11643,10213,7030,14727,28043,49154,4420,57518,32166,28726,84567,2406,2105,29811,6992,62785,135931,27648,3172,120,41532,47674,18810,34612,4842
Mar-19,Mar,51923,7136,37340,22246,123056,46915,18362,4985,417,114001,56804,195,1129,18314,376018,98597,20108,17353,379268,25970,8766,18,15083,20670,51698,75386,23090,51487,11143,6878,13856,11684,8410,16850,35004,53896,5990,70826,35704,35949,105892,2554,2640,33312,8174,66433,141056,82398,4054,140,48527,61812,21859,47671,5880
Apr-19,Apr,41146,6505,30222,15812,114466,39433,15726,3807,409,93693,40952,150,1212,16004,405464,106096,15144,11933,381411,19650,7375,15,12537,17738,40570,72720,15894,35825,9419,5267,10524,9389,8173,12483,31154,42651,5135,53819,26528,30299,79853,2427,2175,24607,6581,48624,106112,77263,3236,114,35052,53377,15583,38561,4821
May-19,May,43908,6376,28950,15317,111816,36814,14737,3694,417,88204,37444,163,1105,17565,381771,292587,12850,11538,332076,19274,6552,17,10904,18007,35352,56564,15190,34114,8603,4495,9769,8193,7693,11856,26731,38637,4312,43850,24627,26970,72244,2653,1813,24977,5792,44913,107763,77058,2659,91,30515,53125,13173,30307,4793
Jun-19,Jun,42898,5557,26746,13956,115987,34773,14041,3204,305,85730,34910,181,857,17541,373166,273660,10933,10622,369622,17509,5809,18,9839,16256,32369,45667,13809,32674,8276,4411,9248,8018,7208,11056,23636,34768,3914,42122,23701,25185,66423,2946,1609,23186,5566,44802,101762,69438,2269,109,33543,83436,12841,28507,4447
Jul-19,Jul,51757,5298,26325,13684,89532,33812,13362,2873,375,84024,34787,200,1045,19637,439458,61139,11507,10662,319270,17385,5437,13,9891,15272,31607,42454,13918,31627,8110,4044,8635,7439,7049,11128,22471,36694,3794,39206,22754,24493,66052,2317,1561,21886,5323,43647,91183,76002,2183,75,32513,37439,12289,25170,4469
Aug-19,Aug,69377,6796,33851,18303,99146,38755,13326,3547,386,107318,45508,248,1025,16411,491715,74022,11760,13227,315348,23780,7686,9,11823,19189,39967,53571,21951,42413,9931,5396,10782,9617,7721,13906,26227,44438,5228,50963,29350,29328,83346,2486,1895,27354,6971,46533,133647,74699,2936,149,41457,40144,16501,35146,4754
Sep-19,Sep,56872,6106,29307,16285,95540,35333,12365,3356,610,89815,39794,209,969,15818,483162,72951,12081,11473,286064,23463,8510,16,11386,16991,40925,54733,16974,36924,10091,5065,9285,8940,7372,11850,32332,38305,5455,44767,25203,28008,77630,1878,1842,23280,6932,40468,121718,73084,2991,117,37059,38130,17740,36278,5176
Oct-19,Oct,63254,8281,28833,19303,96252,37564,12574,3982,933,97214,43417,217,1102,19392,478329,77713,16605,13324,303650,24893,9912,16,13720,18059,44078,62920,19167,44498,11496,5807,10464,9754,7327,12265,33982,42903,5886,50834,28794,30395,86066,2189,2050,26707,8783,45015,121299,76361,3348,150,40490,42984,18239,39395,5067
Nov-19,Nov,77657,7213,31352,23192,92765,39682,13789,4258,595,107274,48604,181,923,17385,450084,80002,20819,17643,391747,28692,8297,13,14459,16649,51439,55511,26494,51008,10295,6208,10424,9538,7955,13508,33832,48107,5738,65092,40823,32305,92011,2273,2149,31593,8510,58890,140598,76354,3094,242,57662,40764,20851,43909,5411
Dec-19,Dec,100100,7840,38171,25699,106600,47496,13289,4920,755,128789,63154,294,1199,20609,548192,81766,19747,20244,405291,35358,8806,10,15005,15069,49209,58701,32804,58129,12540,8271,12762,10232,8427,15629,32574,54582,6058,69642,41600,37374,96382,2138,2406,37962,8999,75036,166241,87883,3484,110,76559,52234,22990,41584,7556
Jan-18,Jan,38477,4429,28627,17483,119910,41989,13775,3684,283,98243,45591,135,1185,15060,170007,83769,19745,13782,402376,20744,5850,10,12564,16120,35895,50478,16642,35204,7448,6645,9952,8758,8010,11783,26079,43439,4388,52079,23460,27037,78428,2022,1882,22311,6556,55251,123042,21187,2268,137,35206,51432,15102,36791,3971
Feb-18,Feb,45171,5392,36281,24266,107649,47221,15617,4651,217,119561,57838,146,1074,20359,185288,81904,17387,18016,417418,26449,7816,20,13245,16463,44706,49636,25182,49381,9983,7585,12407,11486,8459,15891,31129,53082,5116,73240,31763,32397,98075,2076,2646,28968,8086,66667,155942,22632,3870,41,47385,53915,23344,43777,5057
Mar-18,Mar,50610,7800,41551,24492,136228,61839,18091,6298,381,137997,67791,146,1420,24342,271714,121376,21697,18772,421247,31519,10684,25,17841,22326,59589,72268,27387,58076,13402,9048,14322,14184,10195,18357,37050,61950,6803,91247,35317,41616,123031,2072,3528,29427,10135,71458,161200,33649,6177,195,55765,66587,40701,56482,6476
Apr-18,Apr,34915,7367,31658,18240,121478,47462,15269,4988,321,102426,43671,155,1393,16974,238774,78367,17457,13184,409485,22491,8745,22,14105,17983,44190,64410,17470,38859,9795,6643,11470,11372,8958,12859,33326,47770,5793,65456,25345,32494,91401,2224,2332,19286,7040,53166,114704,29213,5081,133,37720,51693,22379,41542,5065
May-18,May,33193,7548,28285,17667,104498,41583,14409,3674,289,95481,39528,156,1187,18243,233963,78143,13766,11062,395487,20265,6847,13,11990,18574,35563,47533,15999,31607,8952,5165,10327,9875,8037,11432,25621,43211,4539,51734,21697,28305,75296,2616,1887,17103,5720,50613,111159,31638,2818,136,32135,46008,17108,28841,4820
Jun-18,Jun,32572,6330,28041,18809,99683,38395,14440,3211,259,88991,35963,146,1170,15401,225006,74423,10904,11501,411606,22339,6156,17,10333,15930,33308,38204,15858,32616,8746,4418,9442,8511,7413,11259,23921,37350,4124,47756,22471,26685,71106,2522,1685,18597,5779,47938,108008,29176,2725,116,32496,44090,14127,26403,4362
Jul-18,Jul,32572,5714,26359,19399,94672,37788,13650,2840,246,82909,34244,145,1057,14478,198971,60457,10329,11364,393583,20229,5968,15,10020,14275,32443,36279,14206,30157,7794,4220,8903,8029,6857,10485,22405,35244,3791,45689,19932,23171,66391,2268,1472,17434,5385,48261,122071,22301,2313,138,32931,41040,13136,26598,4118
Aug-18,Aug,37227,6818,34149,20502,103019,40922,14338,2914,329,89711,40046,133,1129,14312,242864,60712,14306,12690,411800,24273,6951,13,11281,17975,36381,41548,20545,37674,9309,4456,9350,9005,7216,12038,27145,39800,4700,50289,24190,25648,74944,2816,1733,27280,7156,52483,134727,22634,2781,59,34578,44867,15366,32732,4445
Sep-18,Sep,32706,5699,30667,17072,91975,35347,12754,2843,203,78804,36097,120,975,15566,228695,51787,13861,11429,409385,25058,7926,8,10237,16320,34781,43339,17683,35005,9770,4763,8486,9009,6138,11160,29374,29572,5226,45698,22160,26644,70420,2490,1621,20159,7305,46134,121366,18221,3590,99,33627,42874,15411,33194,4988
Oct-18,Oct,37123,7768,25560,19762,101623,37586,14477,3418,203,82628,40579,180,1204,16855,237224,59386,15518,13063,413568,24412,9299,14,11919,17969,40370,54993,18379,41162,10772,6358,8971,9364,6718,11295,32273,39478,6188,51806,27641,27591,80946,2760,1914,21279,9023,54302,112356,19215,3234,143,35497,48505,17523,37142,4740
Nov-18,Nov,45345,6645,30385,24475,106380,44094,14751,4178,290,105975,49784,191,1188,15793,296910,69171,17001,17477,422343,32383,7769,12,13684,19392,47460,48884,26230,50096,10113,7306,10787,10049,7339,14338,33969,47992,5861,69894,37716,31878,93168,3014,2134,27082,9456,71786,141813,21266,2964,117,46478,65316,22695,45446,5442
Dec-18,Dec,54383,7251,36275,26272,110017,50544,16119,5024,223,120419,58400,205,1106,19937,302031,76653,17188,19707,404143,37030,9349,10,14251,17968,45271,56506,31697,56347,11523,7870,13017,11247,7784,15956,36322,51028,5805,72587,40599,36216,98737,2395,2196,31823,9052,76042,165244,24726,3729,122,52942,70974,24786,43572,6666
Jan-17,Jan,41542,4500,31366,16762,130365,37047,15073,4299,81,104576,44615,205,866,11146,138008,80412,15707,15049,345924,27709,6865,2,13368,19996,39067,85322,17113,39098,7994,6205,10013,12067,9274,10966,31567,46548,4933,58574,24547,22210,85948,1332,2147,31829,7614,83613,117903,18314,2691,88,37369,46027,15772,46775,3705
Feb-17,Feb,46251,5917,37388,22548,129885,43577,15209,5066,93,117892,53177,132,1037,14936,139697,136193,15025,19211,313748,27684,7731,0,14852,18130,48382,62051,24043,50850,10386,7122,11765,12282,9601,15364,31910,51627,6193,74257,30840,29183,95585,1259,2354,41969,9754,69264,137470,24889,3594,106,47038,52154,22449,50720,4554
Mar-17,Mar,48769,6971,38170,23290,146592,45645,18787,5527,111,122716,57235,136,1090,16675,163728,79624,20026,17891,397959,29310,9632,11,15769,21059,54452,77749,24421,52928,12396,7337,14158,13529,10993,14963,35608,55574,6461,81153,30518,32423,110334,1560,2553,43113,9770,74655,144270,26941,4051,96,49368,58069,22529,58739,5315
Apr-17,Apr,32652,6983,32052,16452,132190,39989,16406,4296,104,103641,37829,147,888,15234,135507,63298,13017,15139,392685,22065,8115,13,13182,17866,41939,71484,16803,40019,10293,5745,10588,10792,9119,12748,33113,39992,6504,66800,27478,27936,85908,1387,2133,30218,7857,57852,109961,23177,3818,111,48631,47895,16988,45872,4269
May-17,May,33331,6442,28734,16749,129307,36008,16149,4012,82,96556,36905,157,1117,13065,121746,54347,10232,12337,391740,21311,7200,12,11660,16651,38548,55570,15680,34965,9418,5025,9803,8868,8694,11291,31294,39413,4654,56229,22693,26466,79725,1600,1883,31248,7004,57763,109732,23844,2577,79,36007,45816,15085,37888,4128
Jun-17,Jun,35687,6353,28359,16614,130187,36459,16504,3634,74,100508,39874,156,1083,20241,113889,49689,8352,13485,392002,23497,6474,12,10945,15841,37088,44775,17154,36752,9901,4265,10602,9184,7790,11398,27677,39169,4939,53164,24632,27103,76201,1631,1899,32995,6704,52959,118091,22138,2382,153,36838,46023,14498,36267,3975
Jul-17,Jul,31474,6487,25714,14015,114595,33811,14525,2981,68,92822,35085,145,1109,11871,108000,47145,8801,13775,390494,20454,5837,13,10088,12900,33378,41186,14388,32415,7890,4266,8310,8333,7034,10580,25576,34784,4136,49432,20738,23239,73654,1381,1646,26567,6068,52643,98338,17925,2275,151,36183,38369,13970,32846,3398
Aug-17,Aug,35038,6946,29376,17517,130901,37150,14019,3509,80,96664,38830,159,1079,13341,126921,47649,9416,13097,394718,24694,7751,27,11561,16258,39255,46613,21963,37449,9618,5209,9035,9313,7443,11690,28779,41122,4874,51103,24061,24904,79020,1490,1718,31663,6686,49945,110946,22010,2676,132,39114,42120,14770,40924,4111
Sep-17,Sep,32019,6303,28394,17747,123506,35873,12117,3502,61,77390,35371,135,948,14938,116449,48524,9975,12856,398706,27821,8715,16,11255,15460,36944,44552,17491,37571,10283,5345,9460,10689,7165,12491,30703,37325,5212,49942,23371,27277,77003,791,1799,25930,7457,50945,128260,20041,3084,9,36446,43049,16723,37506,4281
Oct-17,Oct,36619,8080,29277,20327,119395,40163,13201,3692,217,103032,43293,135,1235,15130,122798,55336,14012,15018,401155,27436,10328,9,13651,16842,44262,55012,19080,43987,11673,6543,10198,10371,7852,13543,32615,43211,6209,56960,25822,27786,87064,1306,2103,28996,9244,55531,129869,19619,3463,68,40293,48147,18256,43183,4370
Nov-17,Nov,47418,7527,34541,26049,140695,51473,14334,4577,365,123397,54950,127,1171,15772,150588,75879,17182,20460,404508,35485,8578,21,16266,17548,54350,48087,28188,56129,11107,8303,12064,11627,9433,16110,37306,51839,6334,76732,38406,34103,104479,2307,2173,34132,9908,74800,163358,24359,3240,86,53142,53072,24455,48683,5665
Dec-17,Dec,56545,8330,41559,29559,142492,59800,15455,5544,204,137355,64491,181,1119,19750,163756,92261,19236,23133,417841,41735,9364,23,16062,17941,45578,51143,35528,62810,12979,8953,13626,12035,9341,18635,36347,57209,6528,78726,41245,38537,107730,2767,2269,38260,10507,87983,181236,27220,3759,131,60398,58937,27273,47120,6940
Jan-16,Jan,73218,6085,31910,20437,220912,48214,31712,4886,82,125935,62707,176,1383,13197,189400,230892,26714,19443,302383,32192,8844,3,13321,20208,56723,50842,21330,61257,10722,11116,12291,16887,8683,12577,34071,51646,5877,76218,34889,26378,102170,1133,2617,31396,10220,62789,164088,19968,3451,100,44181,58050,18985,39561,5676
Feb-16,Feb,77411,6779,35307,27506,214844,47302,32110,5173,95,132010,66777,141,1424,15520,169908,221556,23728,19817,266913,32939,9868,1,14735,17835,61421,50144,28656,67682,12644,8576,14342,14577,9811,16662,34195,58096,5799,90222,37589,28869,104116,1088,2392,39376,10732,68503,192417,22999,4173,115,47955,56043,27216,42855,5703
Mar-16,Mar,55486,6982,35795,24390,201041,46430,35332,4986,85,119207,55396,188,1469,13824,175762,151821,23526,16593,321318,26552,9429,1,14546,20450,59827,56311,21727,64449,11967,8315,13550,14498,11138,13999,34781,53581,6281,85267,29112,27093,105145,1188,2516,38503,9178,51955,152465,30548,3861,90,42741,126000,22143,44925,5302
Apr-16,Apr,41239,6867,32005,19048,171256,41636,32657,4316,69,104114,41265,160,1453,10638,154306,126579,15435,13227,306214,23719,8567,0,13007,17505,48163,57100,17182,49098,10728,6280,11803,12630,10465,12421,31789,43592,6039,71881,26489,23132,88140,1185,2125,30929,8275,57837,126292,30706,3220,85,36219,65565,17825,38403,5029
May-16,May,36157,5991,28671,16422,166035,36512,29247,4355,110,94732,33740,194,1316,8658,119574,119897,12578,10559,321666,20462,6572,1,11176,15449,37823,42135,15159,40752,9551,4956,10105,10869,9770,10847,26336,38727,4620,58406,21379,21266,70244,1202,1648,24923,6403,44044,104134,24045,2247,112,30787,41282,14918,27431,4504
Jun-16,Jun,44976,7406,32540,18779,173846,41134,33475,4987,72,125567,42626,164,1754,12947,164500,94326,12209,12364,360293,26278,7858,1,11647,17743,39580,47916,17507,45384,10610,5777,11771,12661,10806,12560,28472,44535,6568,60366,26167,25502,80806,1298,2302,30209,7519,56218,120263,28189,2688,106,37593,50487,16423,30747,4812
Jul-16,Jul,48927,6793,34496,19378,190218,43094,29755,4494,60,125208,49183,173,1565,12154,168227,88340,11937,14140,363085,41063,7702,1,12228,20480,40142,43368,21907,46637,9869,5429,11785,13068,10074,12219,29513,44123,5470,63148,25946,24813,86137,1331,2368,32730,7406,57653,127207,17608,2674,105,43574,47887,16791,38922,4585
Aug-16,Aug,42455,7194,33422,21692,176770,40996,27353,4169,62,114446,44370,170,1305,11635,185912,79202,12518,13770,29746,30716,8204,3,12510,18138,41493,51700,26351,44182,10672,6405,10520,12039,9728,12341,30808,46518,5461,62418,25927,22911,86652,1370,2090,31389,7873,60971,124608,21178,2724,90,38667,46645,17315,53689,5295
Sep-16,Sep,41336,6867,33390,18826,159077,40013,14955,4160,52,102843,41621,189,1247,12611,127535,63820,12094,14051,298753,33656,10550,1,12161,17481,41363,58507,19705,41437,11479,6099,10434,13329,9309,11867,33599,46452,5883,58828,25309,26487,86424,1383,2052,28988,9284,48546,126694,19914,3130,75,38779,48147,18079,59639,5086
Oct-16,Oct,43251,9383,34134,22709,180968,45337,16048,5757,61,111657,48308,220,1277,14160,169348,72085,14908,17656,378973,32820,12954,1,14405,19500,49099,70854,21433,50651,13411,7834,12026,15045,10175,13089,37907,49372,7283,71864,28578,28948,103095,1429,2448,31780,12670,56652,144467,23339,3769,66,46862,57746,20035,63442,5228
Nov-16,Nov,50477,8514,39722,26901,224039,54418,17223,5791,56,134638,58723,176,1347,13965,161604,92535,18540,22646,330444,39979,10506,4,17647,21581,56137,62666,29113,57501,12074,9086,14476,15256,11317,15116,43009,59658,6494,88928,40123,33555,118378,1590,2658,39711,11622,74722,157519,26928,3503,76,58362,56963,25378,65277,5814
Dec-16,Dec,62014,8786,44887,29926,298161,55428,17825,6356,71,144983,68269,172,1141,17034,137994,95672,18090,22282,397059,51493,10528,0,17984,19842,47834,60056,36091,63289,12610,8790,14889,14305,10577,17518,40292,65145,6261,88178,43082,35754,111913,1664,2542,43044,10739,74884,181572,29485,3977,67,62649,59181,27242,56928,6560
Jan-15,Jan,51119,5348,24620,18184,113292,33007,24791,4133,61,87895,43248,164,1188,9858,96712,67533,12562,15166,320778,24516,5423,1,9311,13112,33596,37824,17119,47271,8234,6241,9482,9834,7144,10614,26506,43199,5512,47676,28606,19429,73321,1225,1722,23923,6709,57536,115315,19394,2373,79,36685,38018,17624,24587,4413
Feb-15,Feb,62220,6731,30563,24042,113789,37520,24291,4137,53,103809,57432,147,1193,12820,86317,84043,16457,18262,198493,33759,6166,5,9092,11039,38502,40699,23970,55680,11027,6715,11626,9085,7229,13832,25920,48473,5512,59899,34307,24213,81379,1282,1777,31543,9065,53761,140229,20627,3220,113,40786,43129,24248,32541,5539
Mar-15,Mar,57152,7223,28402,20397,199833,37740,30302,4610,68,93683,48200,161,1344,12234,96770,83305,14948,16337,281518,26788,7438,2,10656,16296,43233,51987,18635,52566,10863,6796,11192,11780,8529,13587,29889,45196,6517,62389,29926,23895,92329,1377,1953,26546,8923,40064,129368,23422,3115,96,39427,43542,25804,37433,5459
Apr-15,Apr,46971,7030,24762,17135,114686,34688,26677,3665,51,81456,35901,146,1329,10686,118541,67791,11113,14044,253890,21000,6608,2,10464,14211,36840,44682,14292,42187,9473,5325,9830,10849,7594,11299,26818,37520,5225,59965,26152,20563,74820,1168,1710,22801,6951,44972,106032,20361,3081,115,31657,38008,18739,31164,4697
May-15,May,45128,6168,24503,16258,119574,33062,24571,3683,53,77601,32956,148,1145,9975,76538,64608,7597,12249,271614,20941,5860,1,8105,11907,32961,37779,13803,37565,9364,4500,9959,10564,6704,11021,21977,32357,4683,49428,23210,19292,62676,1477,1543,20254,6436,40597,111012,18544,2172,118,28447,33943,15288,24362,4612
Jun-15,Jun,45952,5830,22999,15372,112704,31777,24605,3332,49,79101,34674,184,1213,9373,80431,62755,7359,10463,242027,21042,6151,2,8826,11383,30723,33553,13111,37010,8529,4369,9186,9881,7007,9969,22717,33889,4481,49297,21793,17765,64122,1499,1512,20763,5645,42558,106461,20684,2135,104,27904,32783,14695,22715,4388
Jul-15,Jul,56762,6029,23779,17694,140365,31280,22195,3275,64,83877,39608,186,1157,8675,95297,52154,8356,12248,220018,23822,6549,1,8595,11898,32153,31732,16575,37539,8713,4596,8829,9404,6588,10404,21821,37651,4593,49952,23594,18003,65250,1342,1461,25017,5914,57873,106013,17259,2219,159,32419,34177,15607,24350,4371
Aug-15,Aug,62770,6976,25003,21087,125122,36156,21514,3459,67,87429,40519,147,1175,9792,94314,66212,8592,13366,286463,30880,7283,1,8606,12792,33600,39036,18376,40259,10130,5418,8818,10185,6537,11179,23978,39565,5148,51999,26376,19393,69162,1357,1477,25047,7369,49128,122233,19717,2466,100,32147,36031,16720,28396,4839
Sep-15,Sep,56228,6195,25464,21834,125441,34229,21775,3360,41,85246,41685,181,1270,11078,94476,83928,9865,12731,262693,39053,8648,1,8912,12092,48331,43688,23398,40511,11302,5433,9821,10094,6056,11570,28204,42348,5619,53928,25154,21650,70156,1300,1566,24395,7949,52313,122503,22343,2681,134,34030,40441,17801,30630,4968
Oct-15,Oct,61156,9941,26501,23409,163211,37785,23918,4052,76,94518,45420,213,1380,11986,95886,100220,10725,14469,276162,33300,11245,1,11832,13947,43822,50060,20862,49890,12988,6880,9456,11664,7315,12381,33282,46020,7547,62456,28582,25405,82552,1288,1944,26030,10920,51134,126327,19046,3259,100,38959,45061,21388,36111,5166
Nov-15,Nov,71137,7095,27087,25048,180116,42271,26438,5040,64,103532,50795,171,1252,11925,129861,130333,13794,18433,295891,37752,9297,0,13463,15885,50278,44023,27504,55031,10415,8299,10632,12850,8313,12721,36421,49217,6288,81616,35457,25453,103836,1242,2101,32064,9727,63670,146982,21772,3136,109,48010,43989,25063,38541,5017
Dec-15,Dec,120914,11055,47759,36886,252946,64547,36673,7670,95,168935,96508,218,1644,18544,182255,214035,25941,28091,308824,59760,14076,1,17832,22723,76882,64181,44727,89366,16667,14768,18649,20626,11018,19335,48515,76441,8304,119897,56119,41065,153826,1335,3363,48614,14660,100586,241791,31645,4731,115,72526,73158,36037,52450,8870
Jan-14,Jan,52138,4951,24458,17158,100054,33328,28542,2486,52,82342,36627,173,1337,8532,121288,38520,13003,14248,258471,22584,5673,0,21715,17908,29623,34528,14902,36903,8273,6115,9387,9884,7954,10183,25551,41804,5594,40864,26608,19504,69963,1400,1646,22356,6101,45597,130524,21908,2138,131,31647,40612,15350,23568,4359
Feb-14,Feb,63947,6353,29657,24599,111341,36936,29640,3207,28,100876,50459,158,1222,11822,115903,51976,13167,17798,259837,28120,7101,1,18999,16662,35449,40503,21805,48674,10352,6384,11879,10204,7762,13859,27317,224667,6472,59527,33901,23197,76916,1386,1897,28440,7897,55684,147793,21548,3132,108,42073,44399,23569,31698,5677
Mar-14,Mar,57656,7271,28307,20173,137660,38547,36553,3534,48,104835,45841,205,1333,14322,145597,52880,13686,16410,280948,25477,7591,0,17071,20176,42636,50582,17334,46051,11045,6437,11769,12519,9726,13550,33819,541978,6329,59244,30087,24346,93402,1431,2208,28436,7538,43344,130310,22924,3305,108,40700,45491,20942,37199,5699
Apr-14,Apr,46332,8305,25939,16546,134448,34615,20715,2822,36,94323,36533,209,1597,10422,105924,42399,10404,13161,274155,19656,6890,2,10548,16097,36618,46067,13044,38283,10056,5240,9819,11592,8472,10620,43433,59495,6330,48767,26310,19475,74553,1221,1667,21621,6054,36861,101103,29587,3114,103,31037,46446,16702,32375,5508
May-14,May,43111,7166,24566,17070,120661,31697,14437,3896,31,78127,33247,166,1155,9289,92638,36151,8165,10895,230610,19085,5674,0,7913,14087,31109,34462,12506,31691,8930,4074,8950,10119,7908,10235,25889,34589,5216,40586,22251,17875,63261,1378,1471,21331,5167,33567,97814,26525,2100,94,27385,37636,14682,22493,5187
Jun-14,Jun,41709,6005,22049,14177,102639,26802,13270,2928,23,70597,30386,145,1210,9745,112407,30807,8569,10053,214382,18906,4783,1,7320,13474,28148,35400,11455,30079,8454,3550,9000,8534,6649,9546,23810,32577,4224,35267,21797,16461,56296,1188,1251,19781,4781,32665,91133,23271,1736,105,26351,32647,12646,19302,4644
Jul-14,Jul,43600,6035,21193,13484,104309,29247,12620,2960,49,70230,32987,126,1291,8251,86596,31816,7575,10381,248979,17996,4923,2,6878,12638,29119,33483,11995,30494,7798,3704,8108,8374,6792,9168,27126,31117,4382,37889,21917,14896,59582,1219,1374,19093,4984,34494,94876,19385,1868,63,28031,31164,13298,19541,4205
Aug-14,Aug,45465,7816,26519,15895,119570,32230,16479,3415,47,75868,35344,162,1130,10295,91721,37077,7923,11796,232853,24409,6313,0,8265,13949,32189,37674,15732,40886,9986,4763,8780,9688,6828,10816,27139,35184,5239,42044,25875,16665,67743,1391,1617,22184,6261,39800,115497,19335,2280,132,30501,32674,15799,24467,4637
Sep-14,Sep,45081,6625,23538,17053,118856,30504,22160,3289,48,77573,35423,181,1153,11211,117143,34547,8494,12558,80383,31703,7667,2,8480,12394,37179,41988,20332,39077,10880,5577,8630,9668,6470,10973,28575,35405,5914,42944,25886,19544,71450,1316,1570,20378,7166,38227,114900,17531,2743,112,31726,35256,16952,27754,5296
Oct-14,Oct,50068,9803,25181,23097,128439,35546,24547,3802,52,83962,43186,172,1330,11973,103053,80707,10795,14601,31756,29220,10133,2,10073,14369,40169,45025,19086,50021,12833,6735,8873,11633,7435,12641,34659,43204,7836,53277,30881,20667,83119,1402,1889,24311,9445,44933,122547,16476,3101,127,36419,41682,20922,33262,5421
Nov-14,Nov,56324,7851,26203,25577,132469,36523,23451,4764,45,87931,44325,160,1078,10932,104606,136175,10906,18147,84113,33557,7347,2,12483,13258,39561,38258,24074,60330,10052,7072,8950,10215,7612,12308,33260,45758,6217,64249,37671,22003,87572,1369,1822,26987,8620,55288,138837,19211,2833,94,43955,44282,24050,31027,5399
Dec-14,Dec,75874,9442,33062,29453,164170,47309,27883,5847,53,107882,60222,203,1389,14948,147220,74495,14335,22119,295697,44644,8990,0,12462,14332,42291,43152,32564,64574,13177,8917,12590,12247,8712,15881,34849,56571,6795,71731,45311,28411,95384,1417,1988,34846,9645,72934,180658,26111,3152,94,49939,49826,26935,31622,7031
Jan-13,Jan,55210,9975,41443,29607,133187,53121,31886,5055,59,117696,70862,132,2260,17708,149608,61855,24157,29270,238510,42313,10538,1,18392,27785,60852,64272,26380,71515,15217,14751,18361,20513,11110,16998,43752,70301,9686,83996,48246,33335,135603,1357,3792,36801,11242,69456,186890,27938,4195,26,60837,73547,26793,56977,7861
Feb-13,Feb,52678,9397,38022,33226,108666,55170,24128,4235,62,99785,67907,95,1803,17947,127615,57638,20309,24839,247260,35129,9029,2,16241,21491,54680,55260,26649,65205,14677,9960,17065,14988,8972,17202,32249,72694,8362,79762,43984,30190,113841,1258,2624,42168,10060,70784,189806,28356,4254,6,57124,66081,29414,50656,7556
Mar-13,Mar,45144,9047,36946,28004,117106,58007,31213,4250,52,86541,53457,82,1564,15954,137812,57961,19176,22741,243253,30893,10320,0,16873,25220,57686,57031,21207,62321,13783,11052,15623,15881,9843,16606,35013,58353,8143,76031,37224,28021,114209,1233,3088,35234,9506,61462,163594,32240,4099,271,52284,60588,25848,50492,7534
Apr-13,Apr,33215,8758,32444,22062,110149,43675,29703,3665,48,102757,39865,89,1753,13075,132255,51393,15734,21146,39190,24525,8888,0,15618,22616,49219,52210,15363,47963,11764,8310,14225,14365,8977,12995,30999,46729,7678,57639,30530,23657,90995,1315,2775,27599,7058,45767,131815,30717,3608,108,39271,49100,18761,42236,6084
May-13,May,32005,7529,27145,18509,112464,39181,22706,2992,40,90077,32984,134,1322,10133,109338,39560,9708,19099,25271,21920,6442,0,14340,20226,34050,40424,13418,39002,9873,5806,11297,11780,12656,11936,23167,38695,6284,42751,24269,18777,70882,1555,2109,23713,5772,42521,111668,34615,2228,75,31108,40430,15908,28975,5581
Jun-13,Jun,27990,6077,25994,17280,109153,40488,22597,2447,26,76142,28248,95,1146,8717,105012,39636,8336,13084,29195,18953,5620,0,12702,18481,29521,29559,11605,32677,8571,4503,9962,8975,12104,9948,21003,32934,5016,39150,21661,17274,61992,1606,1697,21463,4820,36424,97420,27453,1957,94,29376,35567,13796,20416,4854
Jul-13,Jul,33290,5889,25712,22815,100114,42207,22598,2282,32,78121,31011,113,1260,8460,82699,51081,6772,14721,29719,19777,5492,0,12248,20775,29608,30700,12768,32926,8719,4323,8915,8707,9963,10135,20065,33798,5143,39440,22622,15846,60876,1351,1561,23572,4719,34531,100819,28963,1915,77,28960,33115,13839,22108,4299
Aug-13,Aug,49978,7545,29065,22401,111132,35642,23489,2526,35,81138,34288,122,1283,9967,85074,49336,8566,14753,27296,25224,6806,0,14929,21380,34265,35738,16821,38352,10683,5411,9540,9645,9865,10939,23867,36326,5641,41954,26282,18504,70687,1540,1642,25637,5998,39133,115380,30966,2306,107,33074,37388,16506,27420,4876
Sep-13,Sep,46263,6047,22904,16195,104067,31620,21666,2515,36,73216,32309,98,1196,10165,67839,40129,10873,13318,54426,29508,8102,1,49644,18583,36135,40431,14804,35901,10194,5387,8704,10164,8091,10018,27247,34609,6707,42579,23496,19746,70015,1469,1622,20573,6812,40207,111067,19074,2742,94,33507,36213,17038,32039,5018
Oct-13,Oct,51520,8322,24148,19661,114595,34371,20189,2989,37,79284,38032,127,1325,10694,101416,43650,11717,15038,204305,28194,9707,2,20526,19891,40320,43178,18028,42480,12038,6517,9800,11318,9341,12018,30402,40850,8511,48416,27268,19484,79205,1491,1862,21704,8534,42522,124834,17812,2951,96,36623,41311,19865,35951,4629
Nov-13,Nov,59213,6868,26839,24393,109140,37908,22530,3354,35,86342,43059,103,1103,10703,90868,51526,12076,18670,208696,33765,8004,5,18413,18506,39996,38292,25301,47444,10548,6868,10503,10397,10031,12642,32643,50272,7692,61911,35876,22895,88985,1488,1925,25922,8416,53278,133911,21492,3007,86,44918,40784,24919,35704,5494
Dec-13,Dec,77374,7951,32374,25583,138522,43268,21633,3752,35,102760,55863,141,1401,13971,91077,53359,12638,21426,231210,42824,7812,2,21256,16407,37647,38679,29367,51223,11763,8665,12897,10993,9118,14896,32657,59061,6949,67301,39176,26573,87441,1305,1969,31309,9118,64784,166074,24978,2873,94,51344,46998,26265,31714,6885
Jan-12,Jan,28358,3824,22223,16113,75418,30531,17958,2054,45,58468,34191,78,1079,9525,89958,31328,13663,15972,199339,20314,5625,0,8893,13612,29519,28780,14352,35338,8531,6811,9988,8336,5312,9317,21957,36985,5492,39215,25498,17368,66682,936,1671,21901,5984,35142,96394,12187,2051,30,28119,33742,14865,43852,3892
Feb-12,Feb,39993,5712,30320,25303,89188,35411,19861,2503,39,73182,49066,91,1257,11776,88343,45553,16076,19272,215496,26139,7547,0,12186,15536,39674,34904,21136,49037,11811,7184,12627,10126,6545,13631,29129,49479,7192,61246,34440,23339,89424,1327,2064,32897,7261,49025,130571,16204,3182,38,40976,44047,23043,47912,5325
Mar-12,Mar,33964,6886,32310,19824,107573,36411,22234,2486,34,68009,40518,72,1547,12760,105812,46111,14773,18716,211057,23196,8348,0,11645,18697,40012,43516,15955,44469,11723,7126,13338,10866,7587,13239,29139,41221,8337,57181,30398,25401,93005,1467,2237,26955,7242,40590,122295,20038,3565,17,36602,46610,19085,47104,5822
Apr-12,Apr,25289,7359,24088,14875,90368,29874,19172,1997,29,57162,27989,70,1599,10070,93918,37242,11101,12984,204963,17563,6736,2,10204,15957,32598,37216,11424,34335,9869,5476,11897,9937,6904,9845,25906,31334,6652,44422,23286,20442,71690,1167,1806,20048,5538,33338,88867,18140,2862,27,30439,41366,14643,39410,4579
May-12,May,24617,6697,23073,12851,83820,27051,18426,1813,26,54996,27905,51,1408,9358,78257,31246,9505,12295,204954,17048,5802,1,9074,15951,29042,31819,11613,30808,9277,4708,10415,8723,6952,9488,22811,31590,6310,36717,21764,16915,62343,1297,1655,21046,4777,31263,88027,17117,2176,45,25559,37315,13060,30059,4476
Jun-12,Jun,26055,6231,23452,13640,85384,25936,17348,1737,20,55905,27206,83,1260,8872,75388,28002,7505,12147,209443,18895,5581,1,8127,15165,26213,27343,11832,30925,9498,4413,9605,9486,6723,9906,20283,29124,5770,37375,22450,17331,60533,1255,1457,22649,4553,33629,89057,17624,2036,38,25962,37742,12880,24986,4149
Jul-12,Jul,26858,5963,23776,14859,80683,28679,16544,1907,41,57012,28807,62,1313,8239,65557,29009,8596,13225,209830,19708,5344,0,8478,14682,25821,25668,12428,30826,8537,4557,9229,8297,6430,9051,20284,30022,4936,37815,22596,16380,64227,1202,1486,21905,4742,35059,93179,16303,2067,34,30064,34518,12858,25991,3901
Aug-12,Aug,32191,7482,27791,17976,87291,34204,18497,2259,40,63007,34710,78,1426,10348,85626,35953,9917,15708,216276,25320,7054,0,10609,17855,32653,34927,17313,39336,10765,6141,11228,9918,7179,11175,24296,37343,5815,43974,28548,18294,75174,1374,1658,23329,6525,39107,117318,19635,2397,38,32039,39036,17075,34499,4969
Sep-12,Sep,28384,6116,25496,19881,79077,32087,16902,2149,30,59337,31077,71,1334,10427,71123,33033,8990,13809,216886,30724,8539,0,9528,17519,32715,37424,14861,37258,11118,5806,9948,10028,6471,10284,28050,33538,6599,44695,25546,20203,72565,1149,1771,20783,7029,35175,108117,16936,2983,41,33749,36883,17549,34070,4874
Oct-12,Oct,32850,8503,24336,22743,89164,35009,18761,2512,53,64782,37586,81,1569,11157,78049,38305,12012,16551,220986,29102,9748,1,11640,19062,37464,43310,18935,44157,13036,7814,11057,10591,6791,11675,30294,40956,9138,49510,28960,19989,79821,1327,1897,23632,9893,40032,112530,20048,3152,37,35342,43051,19662,41069,5011
Nov-12,Nov,52221,8131,34003,29298,113832,46192,22547,3681,41,88114,47507,82,1622,13395,91889,48477,16155,24748,219921,38584,9094,0,17048,21166,45249,40168,30272,55571,11728,10418,14611,12223,8910,14271,38150,53692,7637,74534,43759,27133,99829,1271,2478,30131,10114,59840,149821,23859,3191,25,52416,50452,26830,44890,6482
Dec-12,Dec,80576,12438,48795,38830,150805,53453,29246,5626,51,134345,78998,111,2014,20555,112141,71348,19407,35545,260207,59697,12416,0,19172,25251,59445,55917,42176,81243,18562,15406,22420,19647,10047,21537,48320,74023,10989,102531,60731,44246,133241,1773,3870,43132,14789,91922,239956,32908,4845,29,77487,74447,34030,55533,9876
Jan-11,Jan,24683,4193,19927,14629,68984,26423,13324,1543,18,53396,27893,44,870,6990,64814,30541,28239,13993,177464,19895,4669,1,7521,12065,26610,23965,12934,30010,6843,5577,9020,6602,4094,8568,18184,28745,3509,32445,21901,15053,49123,765,1259,15559,5062,37303,85642,156273,1668,114,24482,30026,12306,13328,3455
Feb-11,Feb,31759,5016,24293,20726,67480,28056,15154,1878,35,60661,40229,41,889,8804,59431,32083,21226,15363,188375,21596,5003,0,8759,11390,29976,25707,17673,35225,8786,5627,10209,6939,4498,11305,20575,38046,4196,43281,24262,19107,60141,724,1529,23822,5636,41709,98234,148222,2326,138,31915,35059,18145,17288,4591
Mar-11,Mar,27452,6324,24362,19153,84183,32233,19479,2121,40,57319,34903,30,1226,9694,81115,38315,24621,17046,184546,19561,6751,0,9754,15402,40176,35730,13865,39100,9800,6471,11807,8374,5686,10732,25590,34691,5026,45933,22825,21396,72258,928,1756,21669,6115,49190,97274,19213,2835,179,30593,38679,15674,23330,5184
Apr-11,Apr,21718,7213,20312,14440,87052,28366,17025,1682,40,49574,25173,43,1025,8688,68667,29792,15666,12000,184195,15795,5735,0,8500,13456,33074,32612,10880,31760,9246,4888,9911,7879,5327,9344,23702,26486,5014,39009,20910,18924,62023,819,1560,16096,5359,34499,87448,106858,2611,90,25922,33741,13548,19630,4346
May-11,May,20125,5481,17228,12861,66457,24526,15458,1412,15,44317,23106,35,1046,7507,55615,24145,11264,9818,180713,14440,4680,0,6920,12030,26415,25879,9594,25846,8102,3768,9903,6348,4744,8107,19043,23166,4020,30264,16468,16844,48401,974,1191,14728,4300,33407,81733,156415,1833,112,20659,29384,10691,14313,4021
Jun-11,Jun,21639,5011,16921,12967,75317,22374,15027,1381,6,45007,23612,40,1024,7309,56547,23206,9134,9557,183978,15573,4489,0,6397,11643,23436,21508,9714,24461,7534,3407,8731,6730,4471,8248,17222,23829,3453,27715,16926,15010,46403,968,1195,14435,3871,26388,79768,116927,1711,178,19279,28038,10610,13675,3714
Jul-11,Jul,21394,5228,17393,12443,62387,22111,13519,1348,4,44259,23438,38,1001,7019,58099,18687,7925,9855,184356,16513,4989,0,6505,11285,20783,18160,10757,24059,7591,3262,8504,6643,4283,8027,15609,22879,3594,29200,17504,13172,45686,816,1105,14201,3759,29884,77160,129912,1551,102,23271,27113,11387,14162,3423
Aug-11,Aug,25075,6191,19178,15574,76162,25611,13583,1544,12,49864,27571,35,1186,8600,66058,28228,10193,12273,189671,20405,5647,0,7885,12992,26445,26543,13706,30121,8782,4713,9274,7031,4554,9187,20848,28308,4793,33656,20606,14272,54953,991,1367,18589,5338,31215,88889,120911,1973,89,23087,30258,13269,19017,4110
Sep-11,Sep,25550,5603,19614,17056,70043,27601,14477,1751,39,49825,28549,37,991,9756,66147,27494,10514,11634,194180,27344,6967,0,7465,12509,29598,30635,14705,31041,10256,4939,8986,8018,4691,9001,24847,29321,5779,35819,21437,16606,58671,1084,1350,17958,6092,29468,95830,12668,2415,66,25348,30810,15704,21701,4614
Oct-11,Oct,27096,7586,20660,17704,83926,27895,14842,2141,35,52459,30008,52,1080,9704,69530,28973,11784,13909,196026,24489,8725,0,9038,13199,29448,33383,16435,34786,11459,5918,8750,8228,5071,9724,26213,31770,7713,39276,21830,16276,63135,1137,1464,18470,8405,39802,96869,13611,2669,85,29209,33594,17195,24984,4066
Nov-11,Nov,37559,5264,21962,21952,74118,31566,15588,2422,33,58793,33484,37,1110,9207,85419,35122,14326,17794,203683,28512,6775,0,11678,12944,34261,29226,23983,39621,8837,7645,10148,8464,5896,10111,28792,38647,6415,49995,29611,18197,73684,1100,1534,23354,7157,41364,112058,17367,2616,92,34504,33662,21995,73346,4424
Dec-11,Dec,52052,7088,29627,26723,89592,39534,18592,3267,23,77755,49928,79,1187,13338,97520,43254,15052,21656,213645,40429,8697,0,12598,14572,36413,34186,30813,48893,11738,9645,13497,9728,6941,13266,31212,49323,7520,62381,37536,24924,84456,1219,1961,30538,8560,56878,154482,22412,3084,111,43199,44046,24967,67987,6276
Jan-10,Jan,24397,3821,15687,13506,63048,24265,15346,1638,21,46404,29217,53,826,7252,58343,27193,10429,11571,201899,16562,3949,0,7055,8882,26082,20181,12266,26169,6771,4060,7705,6253,4038,7971,17411,27260,3064,30348,17538,13157,47456,597,1270,16697,4009,26056,73787,42200,1495,85,22145,27184,11693,12734,3266
Feb-10,Feb,30456,4649,19737,18988,64271,25008,14929,1387,29,50797,35867,52,829,8724,55994,30162,10673,13308,211077,19631,4916,0,6974,8302,31742,21210,16277,34082,8525,4620,8959,6377,3655,10513,18302,32128,3253,34190,24308,16920,47352,635,1316,20358,5010,47562,87849,22622,2234,113,25620,30358,14737,16017,4013
Mar-10,Mar,26403,5577,18142,16781,74011,26781,19380,1878,52,51836,32199,60,1055,9051,65629,32174,13878,12889,211068,18069,5941,0,8437,10018,37529,29495,13284,33666,9108,5480,10375,7705,4949,10359,22365,30488,4035,38472,19616,18422,65871,691,1542,18306,5388,43340,77795,17173,2630,130,30216,32149,13794,21554,4382
Apr-10,Apr,20791,6411,16578,14563,80750,23609,15922,1439,35,42794,24065,35,963,7814,53929,25232,9720,9529,211261,13373,5073,0,6992,8748,29383,26351,9702,26289,8367,4141,9294,6911,4215,8599,19906,23378,3726,31312,17750,16031,50249,642,1199,14441,4561,30453,65012,109391,2053,161,44137,27816,11180,16471,4013
May-10,May,18752,5385,15048,11251,69344,21575,13890,1227,26,39988,21440,46,787,7017,45009,24879,7568,8360,213810,12402,4219,0,6097,7926,25102,20172,9100,23067,7361,3567,8692,5694,3913,7727,16001,20806,3279,25857,15202,14063,41779,613,1052,13570,3889,23904,61789,18308,1638,87,27723,24989,9350,11567,3911
Jun-10,Jun,18801,5126,13846,12677,61889,21273,14432,1222,21,39190,21083,29,895,6472,52369,25869,7847,8099,216147,13340,4308,0,5753,7959,22964,21173,9040,23624,7421,3627,7610,5666,3787,7867,16345,21312,3154,23934,14331,13236,43153,650,1044,14532,3696,26099,60337,17437,1433,156,16652,24456,9774,11437,3668
Jul-10,Jul,20513,5129,14910,12316,62682,21849,12848,1272,37,40949,21897,43,783,5973,50122,24070,6921,8428,219640,15351,4143,0,6047,7845,21625,19268,10321,22889,7058,3252,7500,5711,3728,8829,15277,22358,2818,26464,15970,12364,43054,735,990,13501,3810,27459,67262,65785,1523,190,21272,23826,10050,10964,3265
Aug-10,Aug,23813,5735,16826,13877,65506,25298,14183,1418,23,42301,23723,50,874,6798,59738,29281,7723,10317,181135,19062,5119,0,6823,9673,26506,24702,12666,26607,8707,4228,8228,6093,3801,8914,18015,26494,3629,28258,17819,13652,47362,742,1151,15262,4761,30419,81327,13179,1698,151,22580,26001,11116,15192,3804
Sep-10,Sep,23344,5188,17027,15907,60530,23433,13743,1571,29,42666,24281,41,874,8017,58617,27346,9588,11262,172165,24914,6817,0,6809,10818,30062,31519,13250,27317,9441,4768,7908,6987,4078,8743,22021,26711,4733,30234,17862,16035,52002,706,1178,15413,6051,31436,78300,38412,2344,158,22314,28670,13298,18610,4332
Oct-10,Oct,25403,6817,16732,16979,68851,25402,14371,1720,26,46464,28899,43,913,8121,62384,30124,11029,14359,177281,24310,8605,0,7702,12237,30825,33303,15634,32211,10789,6038,7817,7579,4423,8830,25138,28544,6477,35171,19605,15007,57446,597,1306,14800,8232,34894,91997,154655,2592,111,25771,29320,16499,21543,3968
Nov-10,Nov,32668,5035,17575,20782,63995,27634,15005,2058,23,50550,29045,42,800,6874,63906,32292,13273,16070,181908,26317,6065,0,9827,11609,33796,23577,21845,34075,7676,6709,9052,6942,5087,8812,25758,32825,4490,42549,24250,15153,67443,663,1331,21016,6566,38300,95755,17282,2292,120,29492,26375,19482,21043,3708
Dec-10,Dec,43266,7036,23942,23821,81522,34693,15546,2410,27,65408,41531,48,934,9918,69260,37028,16089,19964,188188,35873,6833,0,9646,11887,32584,26439,26488,39676,9871,7793,11649,8022,4848,11905,24956,39333,4425,46461,29658,20795,63510,807,1456,23732,7178,51102,126861,36690,2344,132,32861,34198,18577,17665,5379
Jan-09,Jan,29770,4227,20293,17819,72039,28193,18593,1860,34,51169,39703,54,894,8903,62068,23196,11987,14131,167035,22219,4200,0,8734,8960,30182,22768,16201,32110,7519,5702,10224,6165,4216,9635,18383,38538,3523,33593,22098,16799,54695,625,1287,17818,5447,31505,86835,28809,1619,183,27133,31526,13020,14071,4553
Feb-09,Feb,30391,4652,21423,21434,62736,29189,19264,1886,40,53862,44226,34,792,9851,58938,24131,11199,13268,173104,21639,4676,0,9271,8230,32473,23895,16599,35664,8799,5475,10154,5910,4343,10875,18910,39872,3682,38939,24547,18063,57544,609,1355,20958,5614,33801,96192,16137,2314,126,29763,33303,15097,17025,5050
Mar-09,Mar,27949,5140,21766,19172,72248,32067,21879,2031,40,55646,40635,27,1086,11281,72066,25741,13542,14201,175314,21067,5782,0,9733,10135,38803,32695,13189,36214,9600,6092,11536,7376,5266,10757,22794,37632,3846,41762,21680,20906,69675,727,1557,19681,5776,34899,102372,18402,2456,179,28923,35861,13698,23863,5594
Apr-09,Apr,21322,5775,20896,19326,73315,30277,19564,1736,34,48761,30714,40,1013,9396,82671,20245,10764,11607,174987,17171,5148,0,8445,9236,34713,31130,11131,30743,9076,5495,10912,6975,5060,8676,21727,31413,4714,35416,21163,16980,59806,653,1469,18209,5533,26003,76844,28052,2129,213,26103,32498,12237,19575,4931
May-09,May,20277,4878,17837,13435,64304,27595,16972,1439,29,40976,24765,38,897,6886,64049,16093,7354,9031,174703,14561,3948,0,6328,7827,25954,19636,9488,23401,8190,3211,8004,5463,4567,7901,16415,25730,4078,27137,16353,14086,45804,637,1158,15961,3769,25506,71891,16119,1564,162,19811,27031,10016,11864,4202
Jun-09,Jun,18538,4419,18953,14489,63190,24127,16887,1318,28,38505,24872,45,758,6798,52126,14038,6646,7979,175957,13579,3763,0,6453,7487,24233,18162,8359,21868,7541,3379,7695,4896,4739,7762,16193,23591,3289,24817,13868,12127,43428,663,1072,13977,3786,23435,69421,19092,1349,169,17106,23229,9232,10519,4118
Jul-09,Jul,21001,4263,16099,14074,61389,20949,15338,1245,25,38918,23360,34,813,6207,47204,14138,6309,8181,179312,15059,3847,0,6344,6730,23268,17426,9717,21998,7082,3103,6908,5239,4428,7168,15824,22884,2933,25287,14752,11007,42862,658,922,14914,3652,26032,66285,31518,1437,120,20436,21284,9628,10489,3421
Aug-09,Aug,24123,5076,14956,14319,65927,22782,15081,1545,31,40232,25045,42,687,6930,54912,19136,7213,10762,182433,18088,4406,0,6379,6682,26423,21487,11702,26207,8311,4108,7597,6019,4172,8333,17289,24625,3439,26574,17083,12204,44917,689,968,15567,4757,55766,80589,20191,1644,136,20882,23384,10435,14794,3800
Sep-09,Sep,24221,4885,14619,15465,62920,21855,15448,1520,28,39874,24701,41,867,7615,60010,25710,8711,10137,187031,25613,5887,0,7152,7681,28759,25748,12488,26143,8753,4638,6985,6327,4083,8047,21159,25737,4419,27796,16049,14503,50424,715,1098,16028,5738,27528,74929,15749,2028,147,21425,24405,12343,17700,3804
Oct-09,Oct,27346,6724,14831,18480,64468,22940,14754,1763,28,44824,28353,50,853,8237,65610,29405,11607,13343,194580,22882,7967,0,8169,8887,31974,29398,14967,33121,10521,6017,8224,8681,4953,8776,25423,29399,5749,33727,18934,14610,56079,705,1355,16984,7578,35780,78429,30908,2421,113,27563,27301,15987,21119,3663
Nov-09,Nov,30734,4726,14003,18795,56392,24466,13520,1926,33,46324,27511,43,859,7406,64018,29522,11146,14017,195656,22565,5444,0,9498,8631,32954,20902,18202,30743,7326,5792,8367,6536,4713,7963,23176,30279,4107,39266,21832,14938,60101,585,1186,21990,5742,40591,95339,12993,2068,117,27434,24453,17419,19327,3553
Dec-09,Dec,42196,6015,19703,23034,69236,29201,15154,2261,19,57449,39352,62,992,9733,68399,32448,13755,16327,209466,32641,5887,0,8685,8378,32436,21883,25014,37466,9258,6316,10737,6515,4993,10961,23872,38760,4183,41266,26203,18820,56361,726,1372,22497,6356,48145,114889,18166,2056,94,29884,32457,17719,16605,4706
Jan-08,Jan,22516,3266,17302,13794,58872,18057,12621,1242,1,38219,27410,27,642,6590,50878,17255,10386,9405,143573,17416,3363,0,6307,11466,26327,18727,16039,24210,5753,4304,5329,4969,3061,7594,16478,27082,3126,28065,16006,12399,44755,616,921,13553,4050,20764,66797,9538,1313,134,19553,23846,10734,11426,2966
Feb-08,Feb,26565,3844,19279,17726,59380,20877,11681,1380,53,40476,32150,36,563,8715,47375,18649,8850,10169,148628,18034,3658,0,7693,11024,27806,20738,15654,28424,7419,4521,6956,4778,3004,9316,17283,30838,3430,29116,19521,14107,46646,554,973,17215,4593,25181,72001,8525,1941,139,24218,26052,13159,15311,3748
Mar-08,Mar,23827,4404,17466,15717,74599,22401,12978,1339,0,39246,27880,27,689,9166,55221,20196,10569,10182,146516,15706,4474,0,6895,13113,31514,26018,12065,28049,8100,4526,7543,5862,3313,9001,18748,26027,3673,29199,16347,16867,56009,434,1122,15445,4634,22006,63667,9871,2037,76,22337,27638,11339,19440,4079
Apr-08,Apr,18165,4745,16321,12214,66612,20016,12549,1350,0,36385,24172,37,746,7964,50664,14582,8333,8680,148367,13222,3955,0,6318,11676,28416,25126,9652,23721,7544,3649,6164,6063,3044,7598,18179,24025,3444,25222,15963,14644,45947,416,930,11607,4117,17915,59527,10937,1897,158,21146,24647,9691,16588,3695
May-08,May,19228,4409,16274,12463,64811,19921,11869,1162,0,35887,23424,36,565,7518,41563,14259,6253,7618,150272,13171,3889,0,5664,10247,24411,18927,10147,20818,8215,3088,6460,5268,2966,7554,15388,22466,3230,22604,14480,13174,40630,462,946,11974,3673,17783,61039,11653,1597,171,17556,23563,9549,11354,3597
Jun-08,Jun,17454,3804,13644,11306,57322,18991,10658,1013,16,34145,22513,36,608,6778,36378,11982,5103,6879,146583,13502,3540,0,5283,9128,22283,17390,9602,18806,6928,2636,5974,4826,2692,7433,13191,20951,2877,19159,12812,12635,36218,474,744,10499,3171,16905,59239,13813,1245,159,14673,22815,8448,9671,3550
Jul-08,Jul,18312,4102,14129,11428,62382,19673,11352,1103,1,34809,25433,28,612,6088,41247,12694,5437,7070,184555,14449,3550,0,5646,9068,22649,17164,10071,19159,6529,2809,6687,4796,2889,7193,13240,21817,2775,20652,13066,11154,38271,517,830,11314,3146,17909,56777,22972,1526,114,18112,20808,8932,9292,3296
Aug-08,Aug,21264,5201,15201,12925,63942,22460,11373,1296,1,34316,25427,33,615,7234,47407,15500,6282,9408,154192,19179,4742,0,5970,8676,26564,21906,13259,23671,7785,3814,7587,5059,2867,7934,15592,23533,3449,22657,16373,12172,41911,631,846,12881,5261,20940,73208,23022,1553,112,18908,22169,10281,13495,3601
Sep-08,Sep,21365,7083,14404,14715,56404,21596,12304,1349,39,34029,25289,42,655,8095,54261,15155,8426,8543,155795,17044,5600,0,6437,7857,31250,27447,11328,21687,8612,4364,6812,5030,3186,7691,20428,23083,4651,23361,15318,14576,46220,658,931,12515,6193,18460,71992,10966,2053,126,20124,23879,10770,17435,3980
Oct-08,Oct,24898,5926,16206,18762,65372,26115,14573,1716,49,44475,35246,55,835,8979,56784,20735,11047,12231,162086,27703,7802,0,8493,8631,36342,30503,16495,31440,10749,5988,8850,6575,3928,9479,22858,31276,6399,31341,18886,14609,55218,570,1171,15680,8299,24426,92043,24217,2367,99,25120,28415,15608,20469,4017
Nov-08,Nov,39594,7945,22813,24251,73190,39798,16586,2512,55,65859,46108,34,989,11539,64537,30367,13188,18157,170669,37761,6367,0,13581,9777,41369,28567,27364,40379,9988,8129,13436,7913,4954,12078,27081,45424,5248,53256,32368,22636,78828,511,1618,27464,7566,38954,132359,16083,2417,120,39241,37424,19848,23927,6114
Dec-08,Dec,46244,7000,25682,26498,77512,35616,17341,2640,44,65826,52322,56,1050,11791,69626,28526,14456,17742,169865,41168,5621,0,11296,9196,38404,24662,29392,41123,9977,8761,13454,6154,4621,13260,23454,50951,4530,45382,30472,20914,67891,660,1373,24794,7786,41576,135919,19995,2045,128,37986,35333,19330,18411,6612
Jan-07,Jan,22107,2904,16196,14767,62459,17007,9512,1381,72,35013,22775,35,579,6575,48593,15975,10282,8995,125604,16371,3535,0,6505,15028,26569,20147,14657,18806,5808,4225,5517,5357,2901,7431,17343,26262,3028,27085,14180,12099,45570,704,885,12338,3628,20523,59667,8448,1290,169,19338,21114,10363,12821,3032
Feb-07,Feb,21897,3534,18457,14628,62560,18301,8647,1302,1,36440,24453,29,449,8013,43080,15211,8314,9938,127538,15442,3333,9,7355,13668,26009,17475,15023,22320,6563,4133,5915,4960,2914,8578,15750,26192,2871,27058,17968,13573,43391,577,896,13575,3737,22518,66035,8982,1771,140,18803,23241,11339,15219,3422
Mar-07,Mar,19220,4048,17666,12308,75306,20070,10704,1417,4,37115,22363,39,591,8474,51379,17992,9600,10918,127759,14807,4241,2,7439,15587,30605,23521,12448,23960,7617,4390,6704,5626,3371,8115,18217,23536,3335,31297,17015,15445,55043,781,1024,12667,4246,19720,62956,10094,1933,195,21075,25271,11331,19964,3542
Apr-07,Apr,15061,4285,15898,10470,67801,16769,9443,1200,2,32101,17162,40,557,7423,40643,13262,7337,7868,124816,11666,3809,0,6449,13968,25082,20894,9443,20783,7350,3524,5603,5642,2714,7153,17377,18434,3190,25827,14058,13626,45337,529,901,9983,3547,15480,55648,8845,1742,134,16807,23256,9170,15198,3335
May-07,May,14412,3939,13642,9679,86930,17002,8611,1058,45,32487,16682,38,517,6860,40710,11144,5238,6411,125970,11245,3111,0,5346,14890,20746,16077,9182,18594,6747,2944,5583,5013,2655,6704,14925,18741,2627,21922,12662,11473,38977,607,795,9971,2942,14140,54111,8632,1342,117,14956,21372,7754,10065,3166
Jun-07,Jun,15362,3770,15672,10362,83523,15466,8568,988,4,32629,17431,30,478,6624,36530,12081,4670,6544,128745,12485,3058,0,5140,13681,18603,15117,9847,17502,6535,2726,5613,4515,2833,7087,13268,18412,2304,21873,12576,12120,40403,788,717,9537,2920,15879,51525,9135,1137,94,14428,20378,8040,8977,3262
Jul-07,Jul,14290,3825,13783,10567,71837,15460,8092,949,2,29624,16930,33,555,5947,36100,11365,4742,6167,121163,13055,3264,0,5093,13792,19681,15254,10305,15675,5735,2808,4783,4654,2535,6283,14011,17804,2425,21109,11804,10238,38988,652,668,9492,2901,15507,54030,6093,1272,138,15949,18898,8144,9246,2867
Aug-07,Aug,18554,4683,15971,12448,69084,18573,9379,1164,1,33844,20973,38,537,7816,46053,15086,6441,9111,134729,17062,4143,0,6193,14955,23941,22098,13747,22546,7989,4202,5900,5159,2898,7608,16020,23387,3360,22367,15754,12185,47292,806,765,12145,4538,19077,71566,10260,1475,76,21691,22167,10169,14391,3680
Sep-07,Sep,19270,3770,14668,13749,80429,17525,8539,1203,1,32416,19840,29,545,8633,45681,13835,7516,9027,134456,17399,5754,0,5907,13517,26740,27033,12883,24671,9249,4420,5308,6454,2822,7324,20361,21688,4725,24682,14220,15174,45849,709,796,11348,5961,17923,66240,13289,1999,144,22282,22670,10916,18080,3993
Oct-07,Oct,20122,4943,14628,16174,69809,19661,11697,1407,3,35495,24282,51,605,8479,49990,16123,10303,10621,141264,22007,7652,0,7421,14084,30573,29453,16126,28608,10328,5767,5193,6671,3317,8080,21928,25975,6112,27937,17206,12715,52339,745,911,13199,7768,20691,66672,12726,2253,133,20575,25799,13245,20366,3667
Nov-07,Nov,27561,4149,15299,21238,63910,20057,11433,1711,0,38887,27974,43,564,8189,51699,21950,11723,12434,144176,23972,4867,0,8603,12353,32264,19561,23488,27415,7067,5909,5943,5870,3788,8137,21903,30995,4245,36449,18591,13988,55819,608,917,14989,5738,25157,72670,14503,1956,76,24828,23766,16175,19774,3681
Dec-07,Dec,37499,5754,20191,23434,62295,25846,11487,2132,1,50129,39603,36,544,10864,46517,22840,12722,13468,151630,32690,4512,0,8798,9923,31038,21456,28149,33205,9367,6994,8214,5189,3664,10804,21071,37789,4089,38508,23047,19993,53595,719,947,20889,6087,35126,102476,16044,1781,45,30806,28224,15750,16506,5123
Jan-06,Jan,21531,2804,15655,13651,56793,16176,8167,1368,5,34365,31245,25,696,6262,41000,15791,10167,9270,19922,18240,3559,0,6726,10578,27823,17117,15434,18060,6064,4377,6015,4757,2975,6831,13605,26341,2664,25617,15734,12235,39264,671,848,12853,3838,22646,64220,7009,1226,15,19217,19862,10645,12780,3197
Feb-06,Feb,21538,3347,17942,14833,56086,17483,8294,1330,209,34987,32217,29,750,7203,50584,16975,8725,8796,23169,17140,3961,0,7199,9873,29614,19535,15159,19757,6716,3994,6277,4903,2860,8065,13155,26722,2624,30321,17799,13341,41779,648,839,13668,4173,23568,63683,8535,1908,32,20005,21384,12131,16305,3308
Mar-06,Mar,18991,3916,17718,13114,65610,19787,9929,1413,7,35401,30734,25,858,7753,42644,17652,10391,9700,20689,16158,4676,4,7116,12696,34002,23372,12844,19757,7596,4138,7354,6003,3626,8084,14763,25428,3179,31646,15640,15681,50469,758,1017,12430,4217,22220,56992,8736,2091,27,20222,23090,11814,19640,3462
Apr-06,Apr,13751,4057,16031,10064,57810,15906,7842,1091,5,30047,22267,19,679,6898,42889,12413,6654,7022,20703,11967,3779,0,5596,10479,25756,19793,9356,15701,6956,3252,5903,5370,3003,6659,13118,17609,2803,24077,13728,14064,39155,610,772,9208,3470,16863,49767,7450,1766,24,21203,20208,9084,15178,3357
May-06,May,13586,3692,13634,9489,46154,14543,7424,1124,1,29154,21801,25,653,6389,40427,10675,5339,6199,17563,11543,3091,1,4970,9723,22708,15366,8991,13531,6468,2673,5271,4405,2866,5820,13227,17722,2178,21304,11746,11344,34441,659,783,8947,2727,18450,49790,6597,1261,105,14838,19819,7988,10358,2964
Jun-06,Jun,14332,3665,12970,9455,43634,14451,7367,1013,5,28963,23212,25,706,6262,35893,10988,4817,5773,14936,12913,3053,0,5279,10599,19382,14368,9223,13204,6335,2513,5175,4428,2824,6972,12990,17828,2335,20468,12209,11635,33260,770,659,9886,2807,18581,51519,6865,1197,39,16291,19451,8047,8999,3012
Jul-06,Jul,14059,3790,15298,11239,43014,14434,6615,887,0,27812,16505,30,622,5875,32176,10460,4425,6005,58454,13336,2865,3,4753,8906,18924,15253,9831,12860,5688,2525,5132,3790,2353,6371,11791,17174,2366,18476,11421,10303,31458,692,632,9162,2875,16328,52276,7267,1019,198,15635,17023,7632,9068,2780
Aug-06,Aug,17132,4587,18238,13272,51245,18582,7435,1126,6,32099,20404,29,632,7591,47203,13879,6020,7937,113059,16602,4024,0,6209,11886,23703,21345,13709,18467,7194,3650,6331,4915,2744,7662,14746,21914,3470,21898,15002,12108,38133,660,703,11399,3871,20437,65069,8103,1415,185,16139,21053,8732,13136,3387
Sep-06,Sep,20195,3978,18291,14705,45311,18384,7583,1357,1,31977,21196,26,552,9503,46972,15012,8334,9611,120706,19080,5791,1,6598,12414,30089,28160,14707,19785,8996,4597,5514,5993,2854,7585,21106,22525,4414,26050,15855,16005,46540,775,836,12146,5783,18768,71198,9502,2148,139,18200,22308,12569,20250,4209
Oct-06,Oct,20207,4420,18283,16712,45861,19853,8598,1585,2,35579,24715,28,499,9046,49208,16273,10576,10856,121114,21416,7607,4,7946,13508,31582,27809,16285,23995,10086,5660,5839,6493,3323,7863,23039,26424,5308,27343,17170,12812,49449,790,860,12703,7123,19969,67245,8973,2326,131,20120,24436,13915,22311,3814
Nov-06,Nov,28357,3636,16980,20465,48401,20853,8808,1997,3,40416,26500,42,464,7686,48006,21605,11866,12348,126127,22535,5218,2,9812,12912,33698,19741,24460,24345,6639,6602,6011,5816,3826,7867,23232,30759,4208,37218,19018,14211,56941,758,933,15689,5777,25351,73251,10696,2153,155,25763,20995,17319,21432,3695
Dec-06,Dec,39497,5145,23138,23130,57901,24297,9554,2407,8,50928,41105,45,477,10550,50696,23932,14116,15626,135157,31246,5482,11,10003,13574,35147,22853,29088,30912,9032,7240,8141,6286,4064,10542,24243,39578,3887,40714,25419,19966,59565,682,1054,20513,6014,35319,105226,16920,2203,153,31229,25758,18049,19771,5191
Jan-05,Jan,19735,2373,13064,12964,44278,17343,7314,1217,1,28682,18866,31,447,5174,59821,13830,9621,7838,19100,12968,3100,0,5583,9914,24890,13002,12228,16307,5317,3830,4333,4239,2893,6215,11478,21951,2164,23709,14224,11207,34236,709,831,10893,3268,20278,55465,6148,1100,0,16412,14780,9740,10996,2626
Feb-05,Feb,19837,2992,15263,14585,46095,16624,8533,1278,0,29067,21168,44,511,6837,47431,15683,8945,8075,21806,13897,3422,0,6788,8708,29158,15838,13610,18694,6594,3718,4961,4109,2870,7668,11978,23501,2483,28879,16811,13190,39452,725,774,12921,3970,22338,57945,6667,1651,0,18371,17687,11980,15796,3175
Mar-05,Mar,17914,3562,14747,12240,51971,18340,9892,1421,1,28137,19820,37,681,6635,51660,16154,9945,7858,19902,12256,3857,0,7066,10764,33963,20694,10450,18007,6987,3769,5330,4709,3464,7361,12567,21719,2863,29211,13650,14393,48806,780,1018,12183,3878,21708,54254,7436,1739,0,19384,18507,11682,19334,3118
Apr-05,Apr,14099,3843,13659,10027,49679,16405,9000,1260,1,27626,14884,42,659,6360,31934,13110,6734,6461,16961,10365,3893,0,5953,8892,28321,17565,8709,16086,7076,3106,4491,4934,2851,6201,12416,17206,2598,25460,13177,14033,40417,733,831,9497,3678,17726,47732,6493,1715,1,17161,16430,9691,16220,3021
May-05,May,12321,3353,11856,7846,48571,13666,7579,1066,2,24404,13355,28,574,5431,31098,9965,5192,5070,12669,8895,3186,0,4787,7969,22581,13083,7473,11314,5906,2485,4050,4203,2689,5345,9606,15489,2277,20443,10812,10971,32401,668,693,8057,2845,13941,46125,5013,1170,0,13528,14773,7282,10349,2531
Jun-05,Jun,13327,3159,11243,9550,47509,13691,7287,985,3,25239,13572,32,617,5685,33367,10172,4689,5071,13457,9898,2785,0,4795,7458,20251,14731,7523,12031,6024,2454,3937,3562,2488,5457,8153,16331,2198,19225,10360,11126,31555,723,567,8340,2693,15910,46327,5737,993,0,12382,15223,7172,8849,2671
Jul-05,Jul,13127,3645,12065,9374,47223,13416,6770,979,3,23984,13979,29,608,5034,33135,9921,4459,5229,14152,10106,3005,0,4851,7263,19723,14509,8396,11941,5557,2466,3939,3719,2545,5556,9342,16034,2143,19034,10887,9426,32467,699,620,8464,2866,19176,48647,4982,1073,0,14752,15110,7650,9213,2386
Aug-05,Aug,15538,4622,14352,11586,52317,16287,7387,1250,1,28295,16074,38,643,6561,46717,12306,5831,7402,17018,13554,3870,0,5970,8717,23858,19775,10134,16316,6836,3420,5064,4294,2745,6507,11401,20772,2953,22438,13888,11245,35736,863,661,10799,3804,21483,62684,6005,1276,0,15299,17770,9286,12809,3016
Sep-05,Sep,20197,3912,15856,14707,54442,17457,8148,1420,1,31383,18904,32,695,8182,48703,12692,7510,8410,18361,26526,5697,0,6881,8699,29906,25004,15027,16632,8370,4328,4884,5164,2843,6878,16273,22555,4012,23674,14354,15740,41556,865,835,11749,5096,19482,68955,8543,1900,0,17952,21271,11364,18423,3761
Oct-05,Oct,20520,4755,16169,15576,51604,18924,8620,1680,2,34047,22800,31,727,8066,41194,16567,10112,10030,20809,25247,7664,0,7843,9139,32181,28407,18258,22597,10170,5530,5806,6061,3200,7308,19351,25490,5305,26799,17076,13020,44662,733,902,12307,7305,19685,70654,8182,2203,0,20664,23060,13536,21909,3373
Nov-05,Nov,27894,3510,15342,20134,54120,19465,8546,1980,2,37841,31933,30,706,6660,42416,19068,12280,12536,25200,27168,4721,0,10141,8904,37692,19891,24836,24118,6552,5774,6400,5151,3823,7362,18353,29392,3359,35670,20091,13682,51365,748,945,15166,5338,25073,74176,8872,1908,16,24818,19780,17108,20572,3170
Dec-05,Dec,41364,4788,23033,25412,63213,24669,8523,2585,3,51940,52460,34,707,9718,59658,22781,15026,14331,33154,37074,5119,0,10289,8920,34511,21666,31069,30198,8671,7292,9532,5616,4171,10193,17863,41087,3645,38617,26701,20012,50324,742,972,21435,6027,36650,105829,14903,1879,23,31002,25168,17176,18543,5063
Jan-04,Jan,20486,2208,12922,13029,43460,14192,9205,1218,0,26510,20161,31,546,5156,56792,14800,9542,8278,19968,13432,3373,0,5159,9772,24467,15236,12365,16074,5428,3489,4237,4449,3180,6790,10198,23794,2141,26101,14758,10804,38117,548,831,10061,3202,18923,56561,5223,1125,0,16254,15605,10809,12078,2550
Feb-04,Feb,20266,2808,14127,14016,40636,14119,9993,1258,1,26760,21660,38,496,6102,51698,15525,8155,8417,21118,13736,3309,0,6478,8699,26973,16547,13855,17076,6509,3257,4469,4314,2981,7893,10565,25119,2239,30551,16590,11998,40847,610,799,11262,3685,19565,55899,6382,1515,0,17268,17819,11403,15590,2884
Mar-04,Mar,17249,3235,13258,11743,44793,16334,10574,1233,4,25583,18605,30,776,6787,51428,16306,9574,8254,18647,12159,4268,0,6345,10213,31287,22108,10511,17844,6886,3504,4817,5322,3433,6837,13372,23684,2661,31499,13570,13561,50690,630,1015,9952,3650,18284,50057,6241,1848,0,17099,19088,10544,19197,2965
Apr-04,Apr,13947,3722,12558,9213,43369,14576,8450,1144,2,22389,14456,44,705,6207,44701,12091,6552,6650,16778,9768,3495,0,5425,9429,27351,18774,8706,15981,6867,2832,4243,4894,3084,6401,12391,18815,2541,27076,12820,12187,41282,547,793,7790,3250,13966,46175,5528,1703,0,13583,15849,9383,15981,2815
May-04,May,12130,3152,11245,8050,42434,12521,7065,889,2,20687,12840,18,546,5511,35814,9872,4809,4995,12385,8793,2979,0,4098,7766,22636,14638,8104,11436,6249,2540,3896,3797,2482,5264,8938,15522,2256,20476,10224,10572,32281,515,721,6883,2884,12681,41897,5184,1224,0,12719,15218,6867,10699,2372
Jun-04,Jun,13032,2925,10589,8813,46403,12330,7486,926,0,21304,13483,29,602,4794,40789,10336,4560,5267,13113,9497,2937,0,4715,8088,21367,14621,7894,11619,6029,2528,3612,3647,2468,5284,8630,15936,1981,19919,10337,10109,32506,560,735,7092,2879,13387,41498,5068,1037,0,11764,14644,7174,9055,2544
Jul-04,Jul,14074,3345,11040,9360,43563,13110,7245,961,1,21187,14770,42,610,5165,35221,10325,4688,5569,14663,10579,3252,0,4942,8701,21704,13973,8779,12484,5726,2690,3978,4143,2373,5257,9185,16397,2135,19973,10916,9299,34235,639,664,7496,3020,15025,44473,5537,1229,0,14873,14383,7897,9639,2450
Aug-04,Aug,16287,4031,11904,11751,46906,15195,7356,1210,0,22860,16875,31,639,5810,45720,13324,5980,7075,17314,13080,4000,0,5900,8845,26368,18607,11411,15721,6807,3676,4159,4340,2796,6411,11732,23935,2796,23272,12935,10501,36989,615,684,9468,3976,18110,57014,6256,1290,0,16093,15147,9503,13542,2672
Sep-04,Sep,17444,3633,13086,13995,45463,17735,7721,1418,4,21139,18190,35,583,7700,42102,13109,7925,7890,18802,15586,6141,0,6887,9547,31051,26037,11372,16876,8286,4499,4877,5360,2983,6986,17011,22304,3825,24322,13706,15537,41867,584,851,10732,5341,18642,64339,7432,1977,0,18574,18092,10877,18953,3560
Oct-04,Oct,21176,4459,13582,16814,45571,22001,8925,1675,0,31051,23236,42,611,7776,55301,18095,10823,10937,23503,19403,8223,0,7932,9922,36516,28415,14717,23087,10075,6106,5179,6204,3519,7931,20235,24972,5179,29188,16290,13010,49783,743,986,11543,7385,21146,61431,7309,2588,0,22217,19747,15018,23097,3133
Nov-04,Nov,26699,3069,12565,19591,45685,17448,7890,2032,0,33432,22750,52,572,6131,65211,20618,11336,12394,26223,19747,5351,0,10069,9584,36273,18628,20374,23241,6277,6105,4796,5077,4103,6988,19705,28490,3297,37066,18383,12846,54967,729,985,12811,5218,24583,63937,7484,2029,0,23367,16530,17384,20830,2987
Dec-04,Dec,37207,3917,18843,21991,60560,24630,9006,2460,0,45122,35177,47,612,8414,65640,22119,14573,13281,32460,26641,5337,0,9531,12430,36425,20262,24206,27877,8406,7210,6491,5244,3974,9504,18260,37512,3639,37597,22659,19264,51249,992,990,19063,5833,35089,89714,12323,1925,0,29251,21310,15987,18436,4495
Jan-03,Jan,19179,2899,11548,12140,39285,13874,7761,1245,1,24477,22827,36,634,5490,40194,12210,9469,8389,18608,13823,2926,2,6851,11532,25766,12952,12472,15396,5354,3476,3789,3724,3673,6264,10516,21983,1960,21548,13362,10448,39610,641,790,10160,3171,18157,54023,4345,1047,0,15048,18476,9733,11173,2425
Feb-03,Feb,20440,2931,13568,13811,41724,15067,7900,1135,0,25659,27029,41,584,6017,43597,13569,7918,8099,21067,13942,3099,3,6717,10285,27025,14891,13657,17562,5831,3320,4022,3728,3354,7344,11406,23950,2083,26525,15749,11277,40231,587,803,11483,3417,21746,59258,5519,1518,0,15983,19550,11277,13885,2773
Mar-03,Mar,17213,2759,13234,11422,48429,15687,9597,1360,2,25487,23288,31,726,7171,46415,14360,8589,8450,18342,12808,3980,1,6938,13102,30012,19557,11064,16987,6752,3345,5029,4972,4025,7019,13245,21147,2501,28489,13211,13674,52909,648,875,10149,3650,18543,56761,5273,1854,0,17336,20934,10598,17626,2613
Apr-03,Apr,13240,3166,11516,9170,45508,13153,8253,1170,1,21214,16905,43,646,5898,43935,15798,6568,6371,15413,9360,3594,0,6242,10364,25693,16978,8174,14355,6605,2821,3835,4711,3491,5889,12154,17066,2375,22394,11771,11687,42563,773,831,7527,2889,13387,44287,4668,1648,0,13215,18172,9584,15527,2460
May-03,May,13175,2745,10819,8176,43667,13048,7860,1093,0,20763,16809,36,564,5362,33123,15645,4743,5156,14032,9408,3194,0,5019,12481,21821,15674,8148,11468,5954,2280,3693,4017,3373,5661,10359,15734,2170,19288,10286,10383,37419,744,737,7531,2720,13286,43876,4530,1263,0,13630,16493,8467,10513,2450
Jun-03,Jun,12709,2704,9724,7882,42438,13193,7265,1008,0,20222,16976,31,558,4867,27243,14414,4006,5008,12708,9410,2659,0,4917,10576,19730,16844,7679,10474,5518,2099,3151,3441,3087,5137,9404,15887,1929,17488,9650,9172,32905,559,625,7510,2601,13571,42514,6157,1108,0,11395,14947,7133,9258,2289
Jul-03,Jul,13173,2911,10256,8085,40846,12002,7741,972,3,19990,16995,16,584,4844,30227,11507,4438,4955,13348,10481,2903,0,4605,10566,20248,15858,8382,10987,5269,2148,3505,3470,2780,5433,8745,15547,1894,16800,9998,8552,32286,572,689,7181,2652,13434,45602,4223,1138,0,12439,14572,7573,9442,2165
Aug-03,Aug,17035,3915,12376,11464,45078,16323,7756,1236,0,24348,22256,23,598,6021,45035,12531,5539,7634,18267,14049,4202,0,5649,9915,24232,20094,12311,15286,6793,3372,4369,4517,3121,6957,10499,21568,2838,22423,14009,11410,38578,672,733,10259,3919,18585,64983,5376,1647,0,15365,16303,9555,13592,2699
Sep-03,Sep,17641,3150,11845,12916,42763,15308,8025,1266,0,23621,23349,16,703,7691,47580,13720,7735,8004,17307,16515,5938,0,5837,12672,33495,27540,11430,17426,8208,4111,3756,5711,3074,6395,14408,20031,4086,23788,12886,14543,43833,673,811,9906,5165,16340,63737,6529,2215,0,14928,18058,10656,20542,3422
Oct-03,Oct,20526,4110,12481,16301,43376,17450,10710,1671,1,26637,30028,39,666,7470,51128,17872,10194,10264,23222,20286,8319,0,7520,11515,38240,29185,15046,23725,10344,5625,4330,6144,3643,7665,17338,26582,4971,26800,16248,12698,51311,714,955,11100,7271,18831,65970,6534,2621,0,20115,19743,15458,24314,3062
Nov-03,Nov,25551,2506,11731,17620,41693,15438,8320,1944,1,27481,27622,25,547,5504,51054,20023,10925,11940,23773,19197,5166,0,9184,8552,36733,19386,19331,23531,6006,5629,4176,5352,4071,6673,17038,27707,3288,35612,18023,11970,55272,554,915,11422,4911,22810,60660,6606,2158,0,22905,16027,16434,22696,2699
Dec-03,Dec,35597,3263,16621,21262,49624,20714,9379,2261,2,38282,38134,42,629,8334,56386,22204,15003,13095,30782,26414,4917,0,8791,9835,39166,20769,23183,25668,8152,6532,5777,4937,4041,8703,15719,37286,3298,37477,22358,17146,48979,769,896,17124,5317,31093,86604,10747,1754,0,27911,20641,15309,20026,4127
Jan-02,Jan,18235,2212,11443,12226,58768,15152,8873,1249,1,23336,23126,26,549,5105,38829,16183,9000,7353,18641,11753,3079,3,5707,7623,29054,12887,11320,15370,5161,3514,3814,3793,3754,6343,12450,22798,1913,21797,12728,9866,42920,510,866,9771,2843,17736,50321,4583,1240,0,14014,13151,9397,11139,2462
Feb-02,Feb,18976,2255,12418,13724,56796,14328,7718,1219,0,25202,26624,26,586,5801,34238,16226,7644,7144,21575,12877,3224,0,6328,6471,29161,13211,13916,16993,5426,3279,3835,3566,3500,7086,11906,24556,1987,24203,14740,10659,44417,654,751,11629,3115,20354,51634,4699,1657,0,15358,14857,11808,13953,2701
Mar-02,Mar,17140,2924,12161,12332,58116,17092,8731,1279,1,23455,24030,35,539,6542,38538,17084,7878,7526,19630,11907,4056,1,5972,8054,31334,17144,11260,17197,5973,3242,4629,4460,4186,7472,13709,21416,2499,25101,12774,12438,54478,582,857,10318,3466,19597,49178,4959,2117,0,15481,15370,11248,17631,2758
Apr-02,Apr,12967,3264,10516,9702,55856,13722,8098,1084,1,20162,17898,20,931,5853,38283,15716,6366,5793,16031,9036,3487,6,5551,6297,29443,17114,8257,14706,6388,2707,3598,4089,3616,5747,15022,17383,2344,21786,11945,11695,46684,583,725,7629,3040,13784,42304,4404,1844,0,13285,15924,9510,14901,2572
May-02,May,13040,2895,10489,8448,58303,12508,7652,1030,2,19847,17226,24,868,5718,32981,14494,4642,5132,13687,9275,2894,1,4585,6806,23438,11362,7865,11360,5902,2236,3626,3424,3431,5725,10896,15989,1962,17170,9892,9588,40223,606,741,7517,2547,13289,42561,4021,1381,0,11665,15994,8140,9866,2495
Jun-02,Jun,12603,2550,9260,8030,51886,10878,6716,890,1,20361,16684,20,536,4963,27581,12326,3783,4655,12525,9143,2563,9,4565,6631,21044,9824,7560,9917,5075,1892,3084,3189,3001,5350,9681,16030,1892,15859,8872,9462,36303,617,676,6884,2206,12056,40367,3596,1041,0,10760,13910,6953,8427,2535
Jul-02,Jul,12674,2760,10056,8666,54488,11967,6262,971,0,19510,17014,18,676,4768,31426,12973,4348,4691,13240,10228,2782,12,4761,6376,21077,10721,8200,10623,4958,2290,3327,3286,2795,5585,9230,16372,1782,17474,9486,8202,38259,670,667,7167,2267,13248,42810,3569,1159,0,11908,14102,7825,8218,2227
Aug-02,Aug,17453,3753,13140,11892,56621,16702,7252,1262,0,23710,21831,33,652,6968,37385,16470,5558,7554,18976,15557,3944,1,5869,7485,25209,17376,12576,15419,6667,3013,3971,4205,3252,6710,10578,23077,2642,24991,13008,11110,44403,838,740,10757,3898,18777,62213,4662,1448,0,15177,16150,9931,12972,2972
Sep-02,Sep,17961,3027,12274,12525,52881,16030,7020,1330,0,22695,22988,18,599,7757,36661,12951,7427,7710,17645,15930,6209,0,6570,7535,32557,23195,11359,15415,7883,3646,3781,4704,3095,6258,15457,21396,3642,25414,12384,14680,47875,808,791,10135,4579,16574,63116,5598,2021,0,15936,17315,11584,18039,3290
Oct-02,Oct,19568,4699,13141,16176,52756,18322,9534,1778,0,26362,28409,30,693,7246,41917,16997,10199,10404,22037,18538,7990,2,8863,12415,37430,24486,14169,22358,9557,5639,4310,5715,3961,8058,18629,26629,4475,29493,15477,12187,58871,978,959,10848,6422,19767,66213,5922,2586,1,20438,19637,15209,21361,3252
Nov-02,Nov,26757,2801,12430,19391,54868,17115,8167,2067,0,28505,28433,40,554,5704,45317,19152,10295,12763,25714,20779,4843,0,10339,10705,37755,17579,20891,23745,6254,5473,3975,4747,4531,7321,17417,29216,3168,37101,17983,11606,62360,630,918,12360,4888,26066,69561,6100,2245,0,22305,17503,18015,20334,2755
Dec-02,Dec,33634,3653,14932,20312,73051,19938,7575,2229,1,35703,40938,14,624,7637,42982,17663,13218,13385,29722,24557,4851,0,9654,8426,36038,17493,22575,24887,7078,6246,5205,4488,4196,8402,15952,34054,3033,36644,20200,16020,50909,672,830,16961,5011,31800,84467,9597,1744,0,25462,19526,15226,16938,3566
Jan-01,Jan,17733,2409,11279,12669,60935,23654,7118,1096,0,23164,26033,28,684,5395,36000,12951,8747,7760,17820,12131,2587,20,5579,5293,23873,11063,11451,14123,4342,3221,3675,2858,3187,6254,11329,23334,1929,19819,12757,9562,34202,402,768,10507,2306,17548,51492,4637,1030,0,13793,11703,9167,10043,2456
Feb-01,Feb,18828,2343,12700,14916,58904,23686,6485,1077,1,22384,28181,21,587,5802,34322,13402,7100,7392,20955,12930,2633,0,6351,5064,24752,11855,14112,15936,5076,2906,3868,2740,2897,7537,11505,24393,1893,22710,14633,10541,36228,439,775,11912,2359,19682,51017,5574,1460,0,15198,11536,10844,13312,2598
Mar-01,Mar,18034,2912,12450,13680,65127,29331,7482,1234,3,23281,27325,23,601,6379,39288,14906,8202,8141,20312,12527,3363,9,6170,5747,28472,17194,12301,16461,6185,3305,4324,3165,3413,7669,14679,22405,2372,24668,13004,12324,44975,493,779,10859,3066,20878,52984,5295,1750,0,15645,13278,11306,17988,2713
Apr-01,Apr,12565,3398,10565,9014,77120,23024,6894,929,3,19361,18481,33,623,5517,30716,11399,5676,5507,14259,8474,3270,0,5105,4747,23859,14891,8356,12672,5718,2370,3392,3236,2704,5731,12965,16310,2132,18712,10670,10977,36360,404,720,7276,2292,12402,38409,4622,1615,0,11970,11289,8399,14239,2390
May-01,May,12138,2965,10058,8581,76603,21077,6879,918,3,18478,17775,26,620,5392,28069,10842,4284,4860,12909,8720,2570,6,4211,4780,18682,10389,7929,10300,5300,2116,3516,2477,2691,5457,10226,15681,1869,15075,9219,9033,30679,524,598,7511,2030,12283,40931,3728,1031,0,11315,10471,7406,8868,2338
Jun-01,Jun,13220,2626,10025,8588,66811,21850,6339,852,2,19021,18300,24,499,4852,27854,18746,3987,4899,13848,10172,2421,0,4950,4307,17873,9756,8824,10642,5264,2111,3555,2480,2417,5531,10320,16492,1786,15312,9283,10431,29275,537,580,7518,2174,12826,39412,4130,1059,0,11170,11110,7652,8425,2231
Jul-01,Jul,12972,3198,9753,8818,63395,21457,5753,813,0,19017,18632,28,466,4874,32121,14374,3989,4842,13077,10495,2886,13,4521,4243,24629,10649,8578,10427,4779,2246,3491,2824,2139,5331,9332,16277,1792,13934,9212,8517,28635,590,566,7560,2238,12699,40143,3584,1193,0,11535,10940,7603,8841,2285
Aug-01,Aug,17684,3902,11822,13289,71416,28926,6175,1101,0,22195,25011,35,658,6228,39017,17113,5333,7090,19612,15894,3994,85,5471,4528,29598,17366,13808,15539,6424,3158,3916,3402,2662,7009,11972,23803,2546,20725,13501,10936,35334,868,766,11241,3341,18714,61054,4901,1416,0,13733,12833,10176,13619,3070
Sep-01,Sep,21407,3784,14501,15356,72914,36990,7855,1764,1,29526,30179,21,529,8312,38726,16272,8139,8493,20022,18421,6996,9,8124,5533,42150,26158,12940,18019,8365,4633,5290,5627,3350,7704,19150,25304,4157,29848,14475,16615,49455,736,1163,12067,4961,19482,69653,7117,2506,0,17970,16619,12520,21972,3948
Oct-01,Oct,23088,5278,15246,18324,76958,43020,10892,2192,1,38217,38250,20,820,8371,53613,22702,10661,11160,24942,21704,9346,6,11151,7727,46270,29004,16380,24876,9769,6270,5235,6886,4722,9292,24704,33010,4972,33599,17707,13958,63468,738,1510,13440,6613,24095,72476,7336,3054,0,23054,20541,17649,25423,3340
Nov-01,Nov,28049,3478,12832,21699,78910,35152,9119,2166,2,32050,32523,38,664,6666,53751,21780,11418,12580,28614,21112,5010,0,11327,6993,44550,15991,21545,23866,6244,5835,4257,5158,4829,8083,21675,33064,3397,40008,18529,12373,63805,719,1062,13789,4623,27264,68854,6799,2503,0,23635,14250,19121,21370,3079
Dec-01,Dec,34469,3666,16351,21128,85476,40529,8698,2477,1,36702,44831,31,713,7612,49225,21293,12122,12684,32626,25195,4943,0,10387,7673,38716,17619,23197,26609,7286,6230,6030,4874,4516,9276,18110,39498,3260,37749,21136,16028,57465,645,946,19101,4858,32906,86321,9795,2040,0,27163,16810,16578,17698,4006
Jan-00,Jan,17860,2149,12192,12592,57800,23614,7661,1057,4,21069,29933,23,576,5284,39273,14663,8619,7987,17459,12767,2606,0,5758,2578,21227,10104,12200,14172,4407,3196,4238,2753,2614,6299,10957,23910,1834,20200,11957,9658,35120,247,774,9905,1997,18928,48626,4611,1123,0,13636,9171,8589,10368,2508
Feb-00,Feb,19309,2620,13882,16075,58905,24812,7645,1133,1,22271,34114,16,511,6340,38528,14732,7661,8219,21621,13280,2723,0,6566,2825,21793,12752,15169,16933,5301,3284,4432,2694,2778,7687,11106,27125,2099,24204,14972,11551,37931,418,853,11851,2288,21178,52861,5831,1590,0,15794,10534,11546,13013,2956
Mar-00,Mar,17001,3054,14125,13984,64895,27658,8787,1251,2,21673,30832,23,574,6711,44109,15093,7994,8355,19364,12336,3514,0,7482,3547,25935,17218,12341,16401,6002,3531,4424,3362,3267,7724,12957,24942,2656,24696,12702,12475,48600,620,939,10773,2500,19940,51666,5549,1961,0,17908,11763,10855,16615,3047
Apr-00,Apr,13017,3432,11946,10908,65796,21778,7021,1108,3,18712,21741,15,419,6281,34673,13284,5501,5896,16387,9776,2966,0,7440,3600,22333,14781,9147,14225,5744,2650,3963,3115,2986,6240,12524,18841,2498,21170,11516,10993,39189,406,784,7565,2300,14344,42204,4379,1708,0,13361,9711,9255,14441,2563
May-00,May,11832,3069,10782,9462,62909,17670,6932,870,2,18427,19557,18,452,5278,30664,11238,4179,5493,12913,9066,2434,2,5508,2673,18250,10317,8458,10574,5222,2202,3799,2498,2746,5759,10157,16974,1948,15379,9323,9236,32796,425,669,6810,1901,12968,41947,4006,1222,0,11352,8880,7143,9928,2202
Jun-00,Jun,12944,2959,10755,9758,64614,20632,6779,880,0,18875,20972,22,489,5350,28722,13005,4003,5205,13879,9653,2406,0,5364,5311,18150,10808,9220,11085,5328,2137,3611,2697,2934,6040,9527,17839,1973,15730,10371,9375,31442,454,682,7483,1905,12596,42043,3964,1130,0,11129,8910,7397,9160,2339
Jul-00,Jul,12451,3259,10557,9266,60311,19290,6172,912,1,17903,21094,30,574,5189,27627,11283,3875,5153,13354,10187,2686,0,5403,5133,19471,10839,9271,10612,4646,2329,3585,2775,2574,5401,10067,17014,1904,14878,9467,8159,31171,374,595,7514,2094,16221,45518,3953,1206,0,11886,9156,7743,9498,2267
Aug-00,Aug,16404,3842,12126,12734,63724,25582,7379,1042,1,21096,26402,22,651,6093,42307,14154,5660,6776,18049,13738,3651,0,6441,6178,22187,17129,13038,13907,5561,3197,3738,3266,3049,6678,13188,23641,2931,20887,11635,10244,34999,546,699,11491,3181,19449,59994,5111,1544,0,13970,11248,9060,14009,2765
Sep-00,Sep,19885,3553,12278,15732,59837,28974,6702,1275,0,21001,29985,23,726,8558,37925,16661,7692,8008,20108,17801,5814,7,7892,5253,32946,25944,14049,16137,7916,4234,4303,4217,3014,7268,17307,23661,4236,24115,13080,15228,41872,487,754,11329,4695,19087,65110,7019,2231,0,16397,13685,12058,22239,3838
Oct-00,Oct,19647,5136,12289,17174,62588,30224,7838,1612,0,23888,33658,26,630,7606,43841,18026,10620,10516,21371,19434,7569,0,8461,6334,33831,25793,15286,21208,8972,6470,3991,4585,3278,8509,19620,26848,4742,25035,14820,11427,48477,458,867,11497,6187,20079,62872,6522,2688,0,17457,14792,13650,24736,3178
Nov-00,Nov,27199,2926,11402,22007,74834,29512,7360,2002,3,26210,34476,24,539,6372,42378,21201,11298,12176,25539,21321,4343,4,9620,6017,35147,15027,21595,22725,5138,5671,3845,4180,4110,7173,19475,31520,2849,34890,17563,11332,54089,388,957,13827,3717,26567,66996,5848,2181,0,21270,11741,16591,20647,2725
Dec-00,Dec,34362,3960,15929,19936,98293,37766,7310,2205,0,34910,49593,37,468,8076,39724,18979,10694,12932,29852,25347,4316,0,8374,5394,29391,14388,24206,23599,6878,5924,5878,3978,3756,9256,17089,38569,2688,32981,19582,15658,45608,478,841,18573,3958,33316,83133,10627,1716,0,24348,14664,14371,15838,3907
Jan-99,Jan,18049,2278,12859,11953,56953,19503,6265,1128,1,18999,20860,2,262,5080,35459,15337,8162,8023,17909,12849,2319,,6031,843,16046,6724,12436,13490,4276,3159,4724,1464,2498,6671,10897,21771,1340,16731,12089,9612,32267,402,834,9543,1389,18473,50992,5055,1043,0,14009,8695,8260,7780,2180
Feb-99,Feb,20583,2413,14546,15348,57471,22239,8069,1077,3,22252,36251,7,327,5480,38449,15961,7222,7694,22311,14060,2745,,6602,1016,20335,9473,15882,16814,5009,3172,4869,1465,2616,7686,13144,25866,1600,23524,14651,11276,39417,338,786,12565,1685,23304,55148,5933,1668,0,16053,9383,11206,10578,2643
Mar-99,Mar,19424,3206,14992,13720,68327,17287,7877,1314,2,23492,33756,6,447,6357,43089,16938,7691,8992,20740,14239,3379,,10579,1593,25251,13747,13857,17567,6106,3475,5363,1865,3283,8341,17668,25738,2055,24939,13343,13267,51500,445,925,12282,1852,23035,54096,6021,1941,0,17193,10551,10867,14891,2776
Apr-99,Apr,14823,3931,14575,11521,62654,11739,9111,1081,2,19219,26828,2,476,6507,38343,16525,6029,6682,17439,10733,2765,,6116,1766,21994,12274,10735,15281,5844,2859,4785,2940,3026,7082,17394,19965,1748,22586,12221,12486,43248,363,806,9358,1783,17000,45727,5987,1599,0,13933,9229,9908,14936,2702
May-99,May,14043,3278,13186,10105,61497,10605,8202,1095,1,18891,25163,3,343,5677,32377,15176,4412,5975,13777,10248,2490,,5091,1449,18959,9467,9395,11831,5203,2389,4667,2779,2719,6475,14696,17945,1747,18019,10631,11186,36831,435,762,8808,1491,15515,44247,5333,1156,0,13730,9134,7361,10694,2531
Jun-99,Jun,14651,3201,12575,10518,65298,10842,6931,918,1,19383,24957,14,432,5166,31962,14030,4433,6027,14373,11232,2256,,5438,1542,17867,9734,9781,11666,5236,2357,4520,2504,2743,6806,11237,18957,1621,16514,10679,11036,34503,376,719,8670,1464,16197,46105,4393,1142,0,13169,9520,7481,9133,2602
Jul-99,Jul,14795,3744,13032,10897,65646,10758,4940,901,2,20004,25560,12,492,6015,29826,12594,4152,6148,15838,12224,2758,,5564,1735,18442,10093,11045,11503,5173,2458,4521,2944,2751,6546,9838,18917,1947,17398,10499,11891,35319,357,749,9706,1773,17775,50160,4538,1320,0,14252,9308,8507,9754,2513
Aug-99,Aug,17095,4243,13491,13582,70183,20607,6899,1270,2,20093,30659,22,462,6435,38023,15226,5841,7834,18205,14292,4036,38,6157,2045,23906,18249,13121,14727,5995,3534,4839,3514,3122,7147,13126,23651,2710,22262,12145,11452,43037,449,837,11834,2730,19662,57184,5330,1752,0,15158,10532,9226,13962,3047
Sep-99,Sep,20181,3623,14141,17580,70519,25084,6599,1508,0,20399,33203,32,451,8510,42852,15027,8224,8454,19990,19591,6213,0,7221,2344,31658,25704,14959,17471,7592,4628,5328,4198,3058,7656,17319,24381,4149,25418,13797,15553,45129,540,860,12646,3959,19384,65731,7355,2603,0,17429,12125,11904,21306,3724
Oct-99,Oct,22484,5723,14916,19388,77927,32436,7326,1930,5,25667,42171,20,414,8614,49471,19328,11017,11495,23993,21964,8503,0,9070,3332,35334,26815,18299,23087,9588,6563,5044,4974,3650,9754,20254,29922,4745,29770,16106,13688,56297,513,1102,12889,5524,23761,68080,8016,3129,0,20783,15494,16359,24664,3524
Nov-99,Nov,29445,3169,13714,23946,90391,30811,6614,2403,0,28490,41109,23,566,6794,53201,22242,10984,13783,28229,23991,4744,13,11506,3151,39395,17026,23713,24418,5777,6204,5350,4288,4468,8119,20639,34673,2885,38940,19020,18094,66033,480,1072,15056,3713,28471,70540,7607,2440,0,23033,11957,17481,22690,2993
Dec-99,Dec,41183,4264,21521,26058,136278,45397,8376,2969,2,42811,69293,27,671,9279,51796,24798,14055,15001,35408,30592,4952,0,12006,3498,38582,18623,28891,28781,7228,7161,8365,4776,4667,12123,20415,47921,3317,41496,24255,20817,57974,492,1225,22136,3964,41637,102015,12150,2425,0,29812,17746,15911,18952,4241
Nov-98,Nov,1062,145,379,589,2101,622,80,55,0,812,62,0,28,176,22,347,482,398,840,799,100,,318,43,1025,319,784,578,201,186,159,55,77,211,319,1310,58,952,633,344,17,2,38,6,74,107,2794,267,59,0,24,361,408,241,107
Dec-98,Dec,35506,3840,17074,21163,65344,23176,6790,2080,0,31529,3757,9,403,7163,41455,22171,14168,11988,31029,26843,4006,,8689,1400,29571,11797,25313,23509,6205,6469,6280,2387,3718,8822,14417,37633,2379,31529,19442,13680,48300,511,1021,9559,2677,24666,79605,10415,2057,0,25170,11641,13786,15201,3379
